-- Generated by Craft v2.6.2989 on Aug 21, 2017, 8:19:23 PM.

--
-- Disable foreign key checks and autocommit.
--

SET FOREIGN_KEY_CHECKS = 0;
SET SQL_MODE = "NO_AUTO_VALUE_ON_ZERO";
SET AUTOCOMMIT = 0;
SET NAMES utf8;


DROP TABLE IF EXISTS `craft_assetfiles`;


--
-- Schema for table `craft_assetfiles`
--
CREATE TABLE `craft_assetfiles` (
  `id` int(11) NOT NULL,
  `sourceId` int(11) DEFAULT NULL,
  `folderId` int(11) NOT NULL,
  `filename` varchar(255) COLLATE utf8_unicode_ci NOT NULL,
  `kind` varchar(50) COLLATE utf8_unicode_ci NOT NULL DEFAULT 'unknown',
  `width` int(11) unsigned DEFAULT NULL,
  `height` int(11) unsigned DEFAULT NULL,
  `size` bigint(20) unsigned DEFAULT NULL,
  `dateModified` datetime DEFAULT NULL,
  `dateCreated` datetime NOT NULL,
  `dateUpdated` datetime NOT NULL,
  `uid` char(36) COLLATE utf8_unicode_ci NOT NULL DEFAULT '0',
  PRIMARY KEY (`id`),
  UNIQUE KEY `craft_assetfiles_filename_folderId_unq_idx` (`filename`,`folderId`),
  KEY `craft_assetfiles_sourceId_fk` (`sourceId`),
  KEY `craft_assetfiles_folderId_fk` (`folderId`)
) ENGINE=InnoDB DEFAULT CHARSET=utf8 COLLATE=utf8_unicode_ci;

--
-- Data for table `craft_assetfiles`
--

INSERT INTO `craft_assetfiles` (`id`, `sourceId`, `folderId`, `filename`, `kind`, `width`, `height`, `size`, `dateModified`, `dateCreated`, `dateUpdated`, `uid`) VALUES
 ('9', '1', '1', 'buffalo-creek.jpg', 'image', '720', '960', '109043', '2017-08-17 18:13:18', '2017-08-17 18:13:20', '2017-08-17 18:13:20', '7e6e371a-7e9e-4015-b022-1bfa2c4d18df'),
 ('11', '1', '1', 'halfday-brewing.jpg', 'image', '448', '261', '34799', '2017-08-17 18:14:54', '2017-08-17 18:14:56', '2017-08-17 18:14:56', 'f894cd0d-8940-40c8-87ca-b9bab92af847'),
 ('12', '2', '2', 'logo-halfday.jpg', 'image', '500', '500', '32106', '2017-08-17 18:15:22', '2017-08-17 18:15:24', '2017-08-17 18:15:24', '054ae1a1-5617-4332-942e-387894402cd8'),
 ('14', '2', '2', 'logo-mickeyfinns.jpg', 'image', '500', '500', '29509', '2017-08-17 18:18:01', '2017-08-17 18:18:03', '2017-08-17 18:18:03', '292c4c31-eb0b-4580-bd7f-ae4e80a0fe48'),
 ('15', '1', '1', 'mickeyfinns.jpg', 'image', '960', '960', '208496', '2017-08-17 18:19:38', '2017-08-17 18:19:40', '2017-08-17 18:19:40', 'd12bd40a-4240-45de-95f8-2439f9a1d2ea'),
 ('17', '1', '1', 'sidelot.jpg', 'image', '448', '224', '29104', '2017-08-17 18:21:10', '2017-08-17 18:21:12', '2017-08-17 18:21:12', '9b2b68af-b710-46a6-87e4-834aa8f6de32'),
 ('18', '2', '2', 'logo-sidelot.jpg', 'image', '500', '500', '23702', '2017-08-17 18:21:18', '2017-08-17 18:21:20', '2017-08-17 18:21:20', '669529f0-c615-4596-ad26-5d8f9cb6d3b7'),
 ('20', '2', '2', 'logo-northshore.jpg', 'image', '500', '500', '15585', '2017-08-17 18:22:58', '2017-08-17 18:23:01', '2017-08-17 18:23:01', 'af2e9c3e-07a2-472e-92a1-4a2dd589fbc9'),
 ('21', '1', '1', 'northshore.jpg', 'image', '1024', '680', '200109', '2017-08-17 18:23:45', '2017-08-17 18:23:48', '2017-08-17 18:23:48', '1025b3f1-5dbe-4c7b-9c52-ad45764695bd'),
 ('25', '1', '1', 'lynfred.jpg', 'image', '448', '336', '32043', '2017-08-17 18:26:37', '2017-08-17 18:26:39', '2017-08-17 18:26:39', 'c4a4f3e2-ef03-4f95-9a8b-79d5d652d42d'),
 ('26', '2', '2', 'logo-lynfred.jpg', 'image', '500', '500', '21800', '2017-08-17 18:26:42', '2017-08-17 18:26:44', '2017-08-17 18:26:44', '3409b75f-0359-4e8d-86e1-0fd3de87f5ff'),
 ('28', '1', '1', 'valentino.jpg', 'image', '336', '336', '23948', '2017-08-17 18:28:03', '2017-08-17 18:28:05', '2017-08-17 18:28:05', '78ecd717-d1a2-493a-b688-09213fd9e033'),
 ('29', '2', '2', 'logo-valentino.jpg', 'image', '500', '500', '8662', '2017-08-17 18:28:08', '2017-08-17 18:28:10', '2017-08-17 18:28:10', '07bd24f9-b32d-4a24-bfc3-fe519e359aef'),
 ('31', '1', '1', 'vignetodelbino.jpg', 'image', '448', '297', '44904', '2017-08-17 18:29:13', '2017-08-17 18:29:15', '2017-08-17 18:29:15', 'fa354913-9645-41ec-95a2-31842d92457d'),
 ('32', '2', '2', 'logo-vignetodelbino.jpg', 'image', '500', '500', '14395', '2017-08-17 18:29:22', '2017-08-17 18:29:24', '2017-08-17 18:29:24', 'dd456605-8e9a-4ca5-a216-7a3707b1b7ba'),
 ('34', '1', '1', 'LT-web-banner.jpg', 'image', '1000', '326', '163285', '2017-08-21 15:39:41', '2017-08-21 15:39:43', '2017-08-21 15:39:43', '18f67cdb-06b8-415d-a810-687307bfc4e2');



DROP TABLE IF EXISTS `craft_assetfolders`;


--
-- Schema for table `craft_assetfolders`
--
CREATE TABLE `craft_assetfolders` (
  `id` int(11) NOT NULL AUTO_INCREMENT,
  `parentId` int(11) DEFAULT NULL,
  `sourceId` int(11) DEFAULT NULL,
  `name` varchar(255) COLLATE utf8_unicode_ci NOT NULL,
  `path` varchar(255) COLLATE utf8_unicode_ci DEFAULT NULL,
  `dateCreated` datetime NOT NULL,
  `dateUpdated` datetime NOT NULL,
  `uid` char(36) COLLATE utf8_unicode_ci NOT NULL DEFAULT '0',
  PRIMARY KEY (`id`),
  UNIQUE KEY `craft_assetfolders_name_parentId_sourceId_unq_idx` (`name`,`parentId`,`sourceId`),
  KEY `craft_assetfolders_parentId_fk` (`parentId`),
  KEY `craft_assetfolders_sourceId_fk` (`sourceId`)
) ENGINE=InnoDB AUTO_INCREMENT=3 DEFAULT CHARSET=utf8 COLLATE=utf8_unicode_ci;

--
-- Data for table `craft_assetfolders`
--

INSERT INTO `craft_assetfolders` (`id`, `parentId`, `sourceId`, `name`, `path`, `dateCreated`, `dateUpdated`, `uid`) VALUES
 ('1', NULL, '1', 'Uploads', '', '2017-08-17 17:25:35', '2017-08-17 17:25:35', 'ab2b3142-dcee-4046-af88-c7b1fe0a3bcf'),
 ('2', NULL, '2', 'logos', '', '2017-08-17 17:29:20', '2017-08-17 17:29:20', '699e69fd-857e-4405-9e42-5c7c8722dfba');



DROP TABLE IF EXISTS `craft_assetindexdata`;


--
-- Schema for table `craft_assetindexdata`
--
CREATE TABLE `craft_assetindexdata` (
  `id` int(11) NOT NULL AUTO_INCREMENT,
  `sessionId` varchar(36) COLLATE utf8_unicode_ci NOT NULL DEFAULT '',
  `sourceId` int(10) NOT NULL,
  `offset` int(10) NOT NULL,
  `uri` varchar(255) COLLATE utf8_unicode_ci DEFAULT NULL,
  `size` varchar(255) COLLATE utf8_unicode_ci DEFAULT NULL,
  `recordId` int(10) DEFAULT NULL,
  `dateCreated` datetime NOT NULL,
  `dateUpdated` datetime NOT NULL,
  `uid` char(36) COLLATE utf8_unicode_ci NOT NULL DEFAULT '0',
  PRIMARY KEY (`id`),
  UNIQUE KEY `craft_assetindexdata_sessionId_sourceId_offset_unq_idx` (`sessionId`,`sourceId`,`offset`),
  KEY `craft_assetindexdata_sourceId_fk` (`sourceId`)
) ENGINE=InnoDB DEFAULT CHARSET=utf8 COLLATE=utf8_unicode_ci;

DROP TABLE IF EXISTS `craft_assetsources`;


--
-- Schema for table `craft_assetsources`
--
CREATE TABLE `craft_assetsources` (
  `id` int(11) NOT NULL AUTO_INCREMENT,
  `name` varchar(255) COLLATE utf8_unicode_ci NOT NULL,
  `handle` varchar(255) COLLATE utf8_unicode_ci NOT NULL,
  `type` varchar(150) COLLATE utf8_unicode_ci NOT NULL,
  `settings` text COLLATE utf8_unicode_ci,
  `sortOrder` smallint(6) unsigned DEFAULT NULL,
  `fieldLayoutId` int(10) DEFAULT NULL,
  `dateCreated` datetime NOT NULL,
  `dateUpdated` datetime NOT NULL,
  `uid` char(36) COLLATE utf8_unicode_ci NOT NULL DEFAULT '0',
  PRIMARY KEY (`id`),
  UNIQUE KEY `craft_assetsources_name_unq_idx` (`name`),
  UNIQUE KEY `craft_assetsources_handle_unq_idx` (`handle`),
  KEY `craft_assetsources_fieldLayoutId_fk` (`fieldLayoutId`)
) ENGINE=InnoDB AUTO_INCREMENT=3 DEFAULT CHARSET=utf8 COLLATE=utf8_unicode_ci;

--
-- Data for table `craft_assetsources`
--

INSERT INTO `craft_assetsources` (`id`, `name`, `handle`, `type`, `settings`, `sortOrder`, `fieldLayoutId`, `dateCreated`, `dateUpdated`, `uid`) VALUES
 ('1', 'Uploads', 'uploads', 'Local', '{\"path\":\"assets\\/images\\/uploads\\/\",\"publicURLs\":\"1\",\"url\":\"\\/assets\\/images\\/uploads\\/\"}', '1', '6', '2017-08-17 17:25:35', '2017-08-17 17:25:35', 'c79e838a-7723-40b7-8fae-093a4cff1e9d'),
 ('2', 'logos', 'logos', 'Local', '{\"path\":\"assets\\/images\\/uploads\\/\",\"publicURLs\":\"1\",\"url\":\"\\/assets\\/images\\/uploads\\/\"}', '2', '8', '2017-08-17 17:29:20', '2017-08-17 17:29:20', 'd365cfe9-4e02-4f90-ad12-58b44b8addfb');



DROP TABLE IF EXISTS `craft_assettransformindex`;


--
-- Schema for table `craft_assettransformindex`
--
CREATE TABLE `craft_assettransformindex` (
  `id` int(11) NOT NULL AUTO_INCREMENT,
  `fileId` int(11) NOT NULL,
  `filename` varchar(255) COLLATE utf8_unicode_ci DEFAULT NULL,
  `format` varchar(255) COLLATE utf8_unicode_ci DEFAULT NULL,
  `location` varchar(255) COLLATE utf8_unicode_ci NOT NULL,
  `sourceId` int(11) DEFAULT NULL,
  `fileExists` tinyint(1) DEFAULT NULL,
  `inProgress` tinyint(1) DEFAULT NULL,
  `dateIndexed` datetime DEFAULT NULL,
  `dateCreated` datetime NOT NULL,
  `dateUpdated` datetime NOT NULL,
  `uid` char(36) COLLATE utf8_unicode_ci NOT NULL DEFAULT '0',
  PRIMARY KEY (`id`),
  KEY `craft_assettransformindex_sourceId_fileId_location_idx` (`sourceId`,`fileId`,`location`)
) ENGINE=InnoDB AUTO_INCREMENT=17 DEFAULT CHARSET=utf8 COLLATE=utf8_unicode_ci;

DROP TABLE IF EXISTS `craft_assettransforms`;


--
-- Schema for table `craft_assettransforms`
--
CREATE TABLE `craft_assettransforms` (
  `id` int(11) NOT NULL AUTO_INCREMENT,
  `name` varchar(255) COLLATE utf8_unicode_ci NOT NULL,
  `handle` varchar(255) COLLATE utf8_unicode_ci NOT NULL,
  `mode` enum('stretch','fit','crop') COLLATE utf8_unicode_ci NOT NULL DEFAULT 'crop',
  `position` enum('top-left','top-center','top-right','center-left','center-center','center-right','bottom-left','bottom-center','bottom-right') COLLATE utf8_unicode_ci NOT NULL DEFAULT 'center-center',
  `height` int(10) DEFAULT NULL,
  `width` int(10) DEFAULT NULL,
  `format` varchar(255) COLLATE utf8_unicode_ci DEFAULT NULL,
  `quality` int(10) DEFAULT NULL,
  `dimensionChangeTime` datetime DEFAULT NULL,
  `dateCreated` datetime NOT NULL,
  `dateUpdated` datetime NOT NULL,
  `uid` char(36) COLLATE utf8_unicode_ci NOT NULL DEFAULT '0',
  PRIMARY KEY (`id`),
  UNIQUE KEY `craft_assettransforms_name_unq_idx` (`name`),
  UNIQUE KEY `craft_assettransforms_handle_unq_idx` (`handle`)
) ENGINE=InnoDB AUTO_INCREMENT=2 DEFAULT CHARSET=utf8 COLLATE=utf8_unicode_ci;

--
-- Data for table `craft_assettransforms`
--

INSERT INTO `craft_assettransforms` (`id`, `name`, `handle`, `mode`, `position`, `height`, `width`, `format`, `quality`, `dimensionChangeTime`, `dateCreated`, `dateUpdated`, `uid`) VALUES
 ('1', 'Thumbnail', 'thumbnail', 'crop', 'center-center', '333', '500', NULL, NULL, '2017-08-21 18:52:28', '2017-08-21 18:52:28', '2017-08-21 18:52:28', '2b9e3979-671b-4e64-ba5c-f1ce270664e9');



DROP TABLE IF EXISTS `craft_categories`;


--
-- Schema for table `craft_categories`
--
CREATE TABLE `craft_categories` (
  `id` int(11) NOT NULL,
  `groupId` int(11) NOT NULL,
  `dateCreated` datetime NOT NULL,
  `dateUpdated` datetime NOT NULL,
  `uid` char(36) COLLATE utf8_unicode_ci NOT NULL DEFAULT '0',
  PRIMARY KEY (`id`),
  KEY `craft_categories_groupId_fk` (`groupId`)
) ENGINE=InnoDB DEFAULT CHARSET=utf8 COLLATE=utf8_unicode_ci;

--
-- Data for table `craft_categories`
--

INSERT INTO `craft_categories` (`id`, `groupId`, `dateCreated`, `dateUpdated`, `uid`) VALUES
 ('8', '1', '2017-08-17 18:12:23', '2017-08-17 18:12:23', '2ea38300-0e7b-43db-a939-2196b1232c5a'),
 ('22', '1', '2017-08-17 18:24:01', '2017-08-17 18:24:01', 'adc0c55a-b774-4e1e-b5b8-718276906112'),
 ('24', '1', '2017-08-17 18:26:13', '2017-08-17 18:26:13', '030f2d03-2e2e-4920-8f7f-ffe73578101e');



DROP TABLE IF EXISTS `craft_categorygroups`;


--
-- Schema for table `craft_categorygroups`
--
CREATE TABLE `craft_categorygroups` (
  `id` int(11) NOT NULL AUTO_INCREMENT,
  `structureId` int(11) NOT NULL,
  `fieldLayoutId` int(11) DEFAULT NULL,
  `name` varchar(255) COLLATE utf8_unicode_ci NOT NULL,
  `handle` varchar(255) COLLATE utf8_unicode_ci NOT NULL,
  `hasUrls` tinyint(1) unsigned NOT NULL DEFAULT '1',
  `template` varchar(500) COLLATE utf8_unicode_ci DEFAULT NULL,
  `dateCreated` datetime NOT NULL,
  `dateUpdated` datetime NOT NULL,
  `uid` char(36) COLLATE utf8_unicode_ci NOT NULL DEFAULT '0',
  PRIMARY KEY (`id`),
  UNIQUE KEY `craft_categorygroups_name_unq_idx` (`name`),
  UNIQUE KEY `craft_categorygroups_handle_unq_idx` (`handle`),
  KEY `craft_categorygroups_structureId_fk` (`structureId`),
  KEY `craft_categorygroups_fieldLayoutId_fk` (`fieldLayoutId`)
) ENGINE=InnoDB AUTO_INCREMENT=2 DEFAULT CHARSET=utf8 COLLATE=utf8_unicode_ci;

--
-- Data for table `craft_categorygroups`
--

INSERT INTO `craft_categorygroups` (`id`, `structureId`, `fieldLayoutId`, `name`, `handle`, `hasUrls`, `template`, `dateCreated`, `dateUpdated`, `uid`) VALUES
 ('1', '1', '7', 'Libation Trail', 'libationTrail', '1', '', '2017-08-17 17:26:16', '2017-08-17 17:26:16', '64f402b5-10b6-4ad2-bc09-e2f2c21d8863');



DROP TABLE IF EXISTS `craft_categorygroups_i18n`;


--
-- Schema for table `craft_categorygroups_i18n`
--
CREATE TABLE `craft_categorygroups_i18n` (
  `id` int(11) NOT NULL AUTO_INCREMENT,
  `groupId` int(11) NOT NULL,
  `locale` char(12) COLLATE utf8_unicode_ci NOT NULL,
  `urlFormat` text COLLATE utf8_unicode_ci,
  `nestedUrlFormat` text COLLATE utf8_unicode_ci,
  `dateCreated` datetime NOT NULL,
  `dateUpdated` datetime NOT NULL,
  `uid` char(36) COLLATE utf8_unicode_ci NOT NULL DEFAULT '0',
  PRIMARY KEY (`id`),
  UNIQUE KEY `craft_categorygroups_i18n_groupId_locale_unq_idx` (`groupId`,`locale`),
  KEY `craft_categorygroups_i18n_locale_fk` (`locale`)
) ENGINE=InnoDB AUTO_INCREMENT=2 DEFAULT CHARSET=utf8 COLLATE=utf8_unicode_ci;

--
-- Data for table `craft_categorygroups_i18n`
--

INSERT INTO `craft_categorygroups_i18n` (`id`, `groupId`, `locale`, `urlFormat`, `nestedUrlFormat`, `dateCreated`, `dateUpdated`, `uid`) VALUES
 ('1', '1', 'en_us', 'libation-trail/{slug}', '{parent.uri}/{slug}', '2017-08-17 17:26:16', '2017-08-17 17:26:16', '72428ead-ed2a-493e-9050-3d34dcef04f3');



DROP TABLE IF EXISTS `craft_content`;


--
-- Schema for table `craft_content`
--
CREATE TABLE `craft_content` (
  `id` int(11) NOT NULL AUTO_INCREMENT,
  `elementId` int(11) NOT NULL,
  `locale` char(12) COLLATE utf8_unicode_ci NOT NULL,
  `title` varchar(255) COLLATE utf8_unicode_ci DEFAULT NULL,
  `field_phone` text COLLATE utf8_unicode_ci,
  `field_website` text COLLATE utf8_unicode_ci,
  `field_blurb` text COLLATE utf8_unicode_ci,
  `field_listingPageUrl` text COLLATE utf8_unicode_ci,
  `field_seo` text COLLATE utf8_unicode_ci,
  `field_headline` text COLLATE utf8_unicode_ci,
  `dateCreated` datetime NOT NULL,
  `dateUpdated` datetime NOT NULL,
  `uid` char(36) COLLATE utf8_unicode_ci NOT NULL DEFAULT '0',
  PRIMARY KEY (`id`),
  UNIQUE KEY `craft_content_elementId_locale_unq_idx` (`elementId`,`locale`),
  KEY `craft_content_title_idx` (`title`),
  KEY `craft_content_locale_fk` (`locale`)
) ENGINE=InnoDB AUTO_INCREMENT=31 DEFAULT CHARSET=utf8 COLLATE=utf8_unicode_ci;

--
-- Data for table `craft_content`
--

INSERT INTO `craft_content` (`id`, `elementId`, `locale`, `title`, `field_phone`, `field_website`, `field_blurb`, `field_listingPageUrl`, `field_seo`, `field_headline`, `dateCreated`, `dateUpdated`, `uid`) VALUES
 ('1', '1', 'en_us', NULL, NULL, NULL, NULL, NULL, NULL, NULL, '2017-08-17 17:12:26', '2017-08-17 17:12:26', '700ba21e-7668-4361-96b3-3de5f0653e26'),
 ('2', '2', 'en_us', 'Lake County Libation Trail', NULL, NULL, NULL, NULL, '{\"title\":\"Lake County Libation Trail Welcome to Libationtrail.dev! | Visit Lake County, Ililnois\",\"description\":\"\",\"keyword\":\"\",\"score\":\"\"}', 'The Lake County, Illinois Libation Trail', '2017-08-17 17:12:34', '2017-08-21 15:43:53', '9e3bcc9c-e3c9-492e-93ba-922b614b9ca3'),
 ('4', '8', 'en_us', 'Beer', NULL, NULL, NULL, NULL, NULL, NULL, '2017-08-17 18:12:22', '2017-08-17 18:12:22', '71e78b61-626a-4128-a301-b63ace239e98'),
 ('5', '9', 'en_us', 'Buffalo Creek', NULL, NULL, NULL, NULL, NULL, NULL, '2017-08-17 18:13:18', '2017-08-17 18:13:18', '925a7e09-3609-449a-9aaa-6a3747791889'),
 ('6', '10', 'en_us', 'Buffalo Creek Brewing', '[{\"col1\":\"Phone\",\"col2\":\"847-821-6140\"}]', 'http://www.buffalocreekbrewing.com/', '<p>Brewing madness in downtown historic Long Grove.</p>', 'http://www.visitlakecounty.org/BuffaloCreekBrewing', NULL, NULL, '2017-08-17 18:13:30', '2017-08-17 18:15:49', 'ebb30f63-8871-494d-88ba-4218425cd86f'),
 ('7', '11', 'en_us', 'Halfday Brewing', NULL, NULL, NULL, NULL, NULL, NULL, '2017-08-17 18:14:54', '2017-08-17 18:14:54', 'cd0158ed-4850-41a1-b02a-b4b489dc062b'),
 ('8', '12', 'en_us', 'Logo Halfday', NULL, NULL, NULL, NULL, NULL, NULL, '2017-08-17 18:15:22', '2017-08-17 18:15:22', '20a3df0a-04c2-441d-aa7f-b8a194c3be3e'),
 ('9', '13', 'en_us', 'Half Day Brewing Co.', '[{\"col1\":\"Phone\",\"col2\":\"847.821.6933\"}]', 'http://www.halfdaybrewing.com/', '<p>Savor an extensive list of house beers and craft brews on tap with an appealing gastropub menu and a sprawling patio.</p>', 'http://www.visitlakecounty.org/HalfDayBrewingCo', NULL, NULL, '2017-08-17 18:15:31', '2017-08-17 18:15:31', '8782e452-48fe-4c22-a393-df1203b0301f'),
 ('10', '14', 'en_us', 'Logo Mickeyfinns', NULL, NULL, NULL, NULL, NULL, NULL, '2017-08-17 18:18:02', '2017-08-17 18:18:02', '9e0fbed3-3016-4c71-b589-4c01017fa384'),
 ('11', '15', 'en_us', 'Mickeyfinns', NULL, NULL, NULL, NULL, NULL, NULL, '2017-08-17 18:19:39', '2017-08-17 18:19:39', '46b892d6-374b-46e1-ac8c-30246b22d945'),
 ('12', '16', 'en_us', 'Mickey Finn\'s Brewery', '[{\"col1\":\"Phone\",\"col2\":\"847.362.6688\"}]', 'http://www.mickeyfinnsbrewery.com/', '<p>Lake County\'s first brewpub serving unique handcrafted ales and lagers. Plus great food and live music on the weekend.</p>', 'http://www.visitlakecounty.org/MickeyFinnsBrewery', NULL, NULL, '2017-08-17 18:19:46', '2017-08-17 18:19:46', '45ef31ae-d38d-4fa6-a195-709434f53404'),
 ('13', '17', 'en_us', 'Sidelot', NULL, NULL, NULL, NULL, NULL, NULL, '2017-08-17 18:21:11', '2017-08-17 18:21:11', '838cf416-9879-4df3-b631-fe98dac2dfae'),
 ('14', '18', 'en_us', 'Logo Sidelot', NULL, NULL, NULL, NULL, NULL, NULL, '2017-08-17 18:21:18', '2017-08-17 18:21:18', 'ed7ea55e-a8b5-49b5-96c0-4a2043e366cc'),
 ('15', '19', 'en_us', 'Side Lot Brewery', '[{\"col1\":\"Phone\",\"col2\":\"847.865.0281\"}]', 'http://sidelotbrewing.com/', '<p>This sleek and saavy brewery knows what it\'s doing with a stellar selection of beers on tap and a delectable food menu</p><p><a href=\"http://www.visitlakecounty.org/NorthShoreDistilleryLLC\"></a></p>', 'http://www.visitlakecounty.org/SideLotBrewery', NULL, NULL, '2017-08-17 18:21:29', '2017-08-17 18:21:29', '38723e99-6e94-4528-a130-89ee19eff997'),
 ('16', '20', 'en_us', 'Logo Northshore', NULL, NULL, NULL, NULL, NULL, NULL, '2017-08-17 18:22:59', '2017-08-17 18:22:59', '96378e31-cf3a-4c54-9a10-275d6b6b2083'),
 ('17', '21', 'en_us', 'Northshore', NULL, NULL, NULL, NULL, NULL, NULL, '2017-08-17 18:23:46', '2017-08-17 18:23:46', 'e82b7d50-e101-4f24-8c12-eb42469c7cec'),
 ('18', '22', 'en_us', 'Spirits', NULL, NULL, NULL, NULL, NULL, NULL, '2017-08-17 18:23:59', '2017-08-17 18:23:59', 'eae6c704-7358-4da6-8a6b-6290e955aaaa'),
 ('19', '23', 'en_us', 'North Shore Distillery', '[{\"col1\":\"Phone\",\"col2\":\"847.574.2499\"}]', 'http://northshoredistillery.com/', '<p>Delicious, award-winning spirits and cocktails by true artisans. Beautiful spaces, cocktail classes, events &amp; more.<br /><a href=\"http://www.visitlakecounty.org/LynfredWineryWheeling\"></a></p>', 'http://www.visitlakecounty.org/NorthShoreDistilleryLLC', NULL, NULL, '2017-08-17 18:25:04', '2017-08-17 18:25:04', 'e5ecde41-4983-4196-a59f-6f9174c3465a'),
 ('20', '24', 'en_us', 'Wine', NULL, NULL, NULL, NULL, NULL, NULL, '2017-08-17 18:26:12', '2017-08-17 18:26:12', '69b7a40d-6e4b-4e17-a668-40982502e7cc'),
 ('21', '25', 'en_us', 'Lynfred', NULL, NULL, NULL, NULL, NULL, NULL, '2017-08-17 18:26:38', '2017-08-17 18:26:38', '7ef496ba-15ea-4312-b4d9-8ce536b57eee'),
 ('22', '26', 'en_us', 'Logo Lynfred', NULL, NULL, NULL, NULL, NULL, NULL, '2017-08-17 18:26:43', '2017-08-17 18:26:43', 'b418488e-7dcc-4284-955c-c1ec252e95c4'),
 ('23', '27', 'en_us', 'Lynfred Winery', '[{\"col1\":\"Phone\",\"col2\":\"847.229.9463\"}]', 'http://www.lynfredwinery.com/', '<p>Oenophiles flock to this elegant tasting room for flights and pairings. Browse the wine shop. Wine events year-round.</p>', 'http://www.visitlakecounty.org/LynfredWineryWheeling', NULL, NULL, '2017-08-17 18:26:49', '2017-08-21 19:27:10', '28a32a64-9047-4601-8cca-8ef5abad5bbc'),
 ('24', '28', 'en_us', 'Valentino', NULL, NULL, NULL, NULL, NULL, NULL, '2017-08-17 18:28:03', '2017-08-17 18:28:03', 'eb59302d-7aa5-4c9c-b276-af2ccd615aed'),
 ('25', '29', 'en_us', 'Logo Valentino', NULL, NULL, NULL, NULL, NULL, NULL, '2017-08-17 18:28:09', '2017-08-17 18:28:09', 'f8dd493f-4a09-4a80-9d4f-605bdd058735'),
 ('26', '30', 'en_us', 'Valentino Vineyards', '[{\"col1\":\"Phone\",\"col2\":\"847.634.2831\"}]', 'http://www.valentinovineyards.com/', '<p>A viticulturist\'s dream! Come taste 20 different types of wine and tour this 20-acre estate vineyard. Open May-Dec.</p>', 'http://www.visitlakecounty.org/ValentinoVineyardsInc', NULL, NULL, '2017-08-17 18:28:15', '2017-08-17 18:28:15', '852ad785-215b-44d3-8e6c-f3c59aa22ec8'),
 ('27', '31', 'en_us', 'Vignetodelbino', NULL, NULL, NULL, NULL, NULL, NULL, '2017-08-17 18:29:14', '2017-08-17 18:29:14', '4d0227a1-b34d-45ad-8593-199bfbc6523b'),
 ('28', '32', 'en_us', 'Logo Vignetodelbino', NULL, NULL, NULL, NULL, NULL, NULL, '2017-08-17 18:29:22', '2017-08-17 18:29:22', '37eb45fc-785d-45f1-8ea5-a9d967e0cee5'),
 ('29', '33', 'en_us', 'Vigneto del Bino', '[{\"col1\":\"Phone\",\"col2\":\"847.204.7352\"}]', 'http://www.vignetodelbino.com/front', '<p>From the fruit of the vines of this 10-acre boutique winery come award-winning reds and whites. Tasting room and gift shop.</p>', 'http://www.visitlakecounty.org/VignetodelBinoWinery', NULL, NULL, '2017-08-17 18:29:30', '2017-08-17 18:29:30', '11ab05e3-91ec-4362-aa15-b6bac538dbc1'),
 ('30', '34', 'en_us', 'Lt Web Banner', NULL, NULL, NULL, NULL, NULL, NULL, '2017-08-21 15:39:41', '2017-08-21 15:39:41', '20440daa-6466-4cd4-88d5-68f83bdc51b7');



DROP TABLE IF EXISTS `craft_deprecationerrors`;


--
-- Schema for table `craft_deprecationerrors`
--
CREATE TABLE `craft_deprecationerrors` (
  `id` int(11) NOT NULL AUTO_INCREMENT,
  `key` varchar(255) COLLATE utf8_unicode_ci NOT NULL,
  `fingerprint` varchar(255) COLLATE utf8_unicode_ci NOT NULL,
  `lastOccurrence` datetime NOT NULL,
  `file` varchar(255) COLLATE utf8_unicode_ci NOT NULL,
  `line` smallint(6) unsigned NOT NULL,
  `class` varchar(255) COLLATE utf8_unicode_ci DEFAULT NULL,
  `method` varchar(255) COLLATE utf8_unicode_ci DEFAULT NULL,
  `template` varchar(255) COLLATE utf8_unicode_ci DEFAULT NULL,
  `templateLine` smallint(6) unsigned DEFAULT NULL,
  `message` varchar(255) COLLATE utf8_unicode_ci DEFAULT NULL,
  `traces` text COLLATE utf8_unicode_ci,
  `dateCreated` datetime NOT NULL,
  `dateUpdated` datetime NOT NULL,
  `uid` char(36) COLLATE utf8_unicode_ci NOT NULL DEFAULT '0',
  PRIMARY KEY (`id`),
  UNIQUE KEY `craft_deprecationerrors_key_fingerprint_unq_idx` (`key`,`fingerprint`)
) ENGINE=InnoDB DEFAULT CHARSET=utf8 COLLATE=utf8_unicode_ci;

DROP TABLE IF EXISTS `craft_elementindexsettings`;


--
-- Schema for table `craft_elementindexsettings`
--
CREATE TABLE `craft_elementindexsettings` (
  `id` int(11) NOT NULL AUTO_INCREMENT,
  `type` varchar(150) COLLATE utf8_unicode_ci NOT NULL,
  `settings` text COLLATE utf8_unicode_ci,
  `dateCreated` datetime NOT NULL,
  `dateUpdated` datetime NOT NULL,
  `uid` char(36) COLLATE utf8_unicode_ci NOT NULL DEFAULT '0',
  PRIMARY KEY (`id`),
  UNIQUE KEY `craft_elementindexsettings_type_unq_idx` (`type`)
) ENGINE=InnoDB DEFAULT CHARSET=utf8 COLLATE=utf8_unicode_ci;

DROP TABLE IF EXISTS `craft_elements`;


--
-- Schema for table `craft_elements`
--
CREATE TABLE `craft_elements` (
  `id` int(11) NOT NULL AUTO_INCREMENT,
  `type` varchar(150) COLLATE utf8_unicode_ci NOT NULL,
  `enabled` tinyint(1) unsigned NOT NULL DEFAULT '1',
  `archived` tinyint(1) unsigned NOT NULL DEFAULT '0',
  `dateCreated` datetime NOT NULL,
  `dateUpdated` datetime NOT NULL,
  `uid` char(36) COLLATE utf8_unicode_ci NOT NULL DEFAULT '0',
  PRIMARY KEY (`id`),
  KEY `craft_elements_type_idx` (`type`),
  KEY `craft_elements_enabled_idx` (`enabled`),
  KEY `craft_elements_archived_dateCreated_idx` (`archived`,`dateCreated`)
) ENGINE=InnoDB AUTO_INCREMENT=37 DEFAULT CHARSET=utf8 COLLATE=utf8_unicode_ci;

--
-- Data for table `craft_elements`
--

INSERT INTO `craft_elements` (`id`, `type`, `enabled`, `archived`, `dateCreated`, `dateUpdated`, `uid`) VALUES
 ('1', 'User', '1', '0', '2017-08-17 17:12:25', '2017-08-17 17:12:25', '03e4f2b8-9cbd-41f5-85fc-8745cd0d694b'),
 ('2', 'Entry', '1', '0', '2017-08-17 17:12:34', '2017-08-21 15:43:53', 'a6eaf5c6-eee2-4ae0-bb8d-6a6bac5d883e'),
 ('4', 'MatrixBlock', '1', '0', '2017-08-17 18:10:13', '2017-08-21 15:43:54', '09e8027d-b73f-4f7d-9f66-f104a7448f44'),
 ('5', 'MatrixBlock', '1', '0', '2017-08-17 18:10:14', '2017-08-21 15:43:55', '64e24b9e-3143-4345-bd1e-4cf0d7c83514'),
 ('6', 'MatrixBlock', '1', '0', '2017-08-17 18:10:15', '2017-08-21 15:43:56', '395b759a-ae71-4c5b-8d73-7fd47da2c261'),
 ('7', 'MatrixBlock', '1', '0', '2017-08-17 18:10:15', '2017-08-21 15:43:57', 'c4dd3c69-65cc-402f-9d14-3f27c833f211'),
 ('8', 'Category', '1', '0', '2017-08-17 18:12:22', '2017-08-17 18:12:22', '5c4847b3-5ffe-4fba-99a6-cbecfbfdf8ec'),
 ('9', 'Asset', '1', '0', '2017-08-17 18:13:18', '2017-08-17 18:13:18', '37ae7fb9-92ed-45a4-ac9b-8d6b0ceab162'),
 ('10', 'Entry', '1', '0', '2017-08-17 18:13:29', '2017-08-17 18:15:49', '6476262f-497e-4b7a-a8b7-15be0a2fa531'),
 ('11', 'Asset', '1', '0', '2017-08-17 18:14:54', '2017-08-17 18:14:54', 'b23fd236-f1da-4332-8642-753e29939e96'),
 ('12', 'Asset', '1', '0', '2017-08-17 18:15:22', '2017-08-17 18:15:22', '7feaf0d5-e59d-482b-abc8-0a44f6002687'),
 ('13', 'Entry', '1', '0', '2017-08-17 18:15:30', '2017-08-17 18:15:30', '3f9c4f9e-e1e6-477c-8d41-5ca1c97d2912'),
 ('14', 'Asset', '1', '0', '2017-08-17 18:18:02', '2017-08-17 18:18:02', '6872c0b6-9f3e-4c10-905a-ab72f08fbdb6'),
 ('15', 'Asset', '1', '0', '2017-08-17 18:19:39', '2017-08-17 18:19:39', '98532f62-d436-4e71-aa7e-905e45d3d614'),
 ('16', 'Entry', '1', '0', '2017-08-17 18:19:46', '2017-08-17 18:19:46', 'b550ca73-9b95-4ce0-a32c-2b230e2d3ddd'),
 ('17', 'Asset', '1', '0', '2017-08-17 18:21:11', '2017-08-17 18:21:11', '63e1ecaa-ad72-4dd4-8f78-01411852e657'),
 ('18', 'Asset', '1', '0', '2017-08-17 18:21:18', '2017-08-17 18:21:18', 'dae2b9f8-90fd-4511-99e7-6c17d556e4dc'),
 ('19', 'Entry', '1', '0', '2017-08-17 18:21:28', '2017-08-17 18:21:28', '14b4a04b-e1d2-4971-9f53-6e9740893f8c'),
 ('20', 'Asset', '1', '0', '2017-08-17 18:22:59', '2017-08-17 18:22:59', '4ab0caf6-298c-493a-8714-cd98265bdef7'),
 ('21', 'Asset', '1', '0', '2017-08-17 18:23:46', '2017-08-17 18:23:46', '24e7f109-e6d2-4367-8d52-660f944107ad'),
 ('22', 'Category', '1', '0', '2017-08-17 18:23:59', '2017-08-17 18:23:59', '16442e5b-8ae8-4e98-9b01-f3912dc7e8a9'),
 ('23', 'Entry', '1', '0', '2017-08-17 18:25:04', '2017-08-17 18:25:04', '77c765d2-6c65-4dc7-91ba-fece78e8fb4b'),
 ('24', 'Category', '1', '0', '2017-08-17 18:26:11', '2017-08-17 18:26:11', 'bdcbbbb3-b8f2-45cc-9bc6-7623f037993c'),
 ('25', 'Asset', '1', '0', '2017-08-17 18:26:38', '2017-08-17 18:26:38', '03b12a9c-e7c4-45db-8caa-b300080cf2fe'),
 ('26', 'Asset', '1', '0', '2017-08-17 18:26:43', '2017-08-17 18:26:43', 'f5ab2ddb-84fc-4a26-b7fa-82d839d4c50d'),
 ('27', 'Entry', '1', '0', '2017-08-17 18:26:49', '2017-08-21 19:27:10', '96664634-d050-488b-a8fd-0b1098eee624'),
 ('28', 'Asset', '1', '0', '2017-08-17 18:28:03', '2017-08-17 18:28:03', '8e6d8a74-43ef-49db-84ac-60644a681f00'),
 ('29', 'Asset', '1', '0', '2017-08-17 18:28:08', '2017-08-17 18:28:08', 'af68ed22-fe9b-45b8-84e8-aee9b9fe1e61'),
 ('30', 'Entry', '1', '0', '2017-08-17 18:28:15', '2017-08-17 18:28:15', '3643cc13-3539-42bf-8c96-5d25ca9251f6'),
 ('31', 'Asset', '1', '0', '2017-08-17 18:29:14', '2017-08-17 18:29:14', '2c110e4e-118b-4c98-aacb-c4c682bf8031'),
 ('32', 'Asset', '1', '0', '2017-08-17 18:29:22', '2017-08-17 18:29:22', '762a815b-2abf-42e6-85f8-8e4b3be192f2'),
 ('33', 'Entry', '1', '0', '2017-08-17 18:29:30', '2017-08-17 18:29:30', '8e10678a-d6fa-4270-b1ff-98e28a7530ea'),
 ('34', 'Asset', '1', '0', '2017-08-21 15:39:41', '2017-08-21 15:39:41', '48abd400-babd-4cdc-beeb-176daee5bb64'),
 ('35', 'MatrixBlock', '1', '0', '2017-08-21 15:40:08', '2017-08-21 15:43:58', '4fa42de1-147a-4677-959f-d75432579339');



DROP TABLE IF EXISTS `craft_elements_i18n`;


--
-- Schema for table `craft_elements_i18n`
--
CREATE TABLE `craft_elements_i18n` (
  `id` int(11) NOT NULL AUTO_INCREMENT,
  `elementId` int(11) NOT NULL,
  `locale` char(12) COLLATE utf8_unicode_ci NOT NULL,
  `slug` varchar(255) COLLATE utf8_unicode_ci DEFAULT NULL,
  `uri` varchar(255) COLLATE utf8_unicode_ci DEFAULT NULL,
  `enabled` tinyint(1) unsigned NOT NULL DEFAULT '1',
  `dateCreated` datetime NOT NULL,
  `dateUpdated` datetime NOT NULL,
  `uid` char(36) COLLATE utf8_unicode_ci NOT NULL DEFAULT '0',
  PRIMARY KEY (`id`),
  UNIQUE KEY `craft_elements_i18n_elementId_locale_unq_idx` (`elementId`,`locale`),
  UNIQUE KEY `craft_elements_i18n_uri_locale_unq_idx` (`uri`,`locale`),
  KEY `craft_elements_i18n_slug_locale_idx` (`slug`,`locale`),
  KEY `craft_elements_i18n_enabled_idx` (`enabled`),
  KEY `craft_elements_i18n_locale_fk` (`locale`)
) ENGINE=InnoDB AUTO_INCREMENT=37 DEFAULT CHARSET=utf8 COLLATE=utf8_unicode_ci;

--
-- Data for table `craft_elements_i18n`
--

INSERT INTO `craft_elements_i18n` (`id`, `elementId`, `locale`, `slug`, `uri`, `enabled`, `dateCreated`, `dateUpdated`, `uid`) VALUES
 ('1', '1', 'en_us', '', NULL, '1', '2017-08-17 17:12:27', '2017-08-17 17:12:27', '83cddf40-1679-4473-9e8e-7cd874c5c40a'),
 ('2', '2', 'en_us', 'homepage', '__home__', '1', '2017-08-17 17:12:35', '2017-08-21 15:43:54', '3e3d0c5a-a650-4399-be03-2e705a16d4ff'),
 ('4', '4', 'en_us', '', NULL, '1', '2017-08-17 18:10:14', '2017-08-21 15:43:54', '7f792107-5859-4e50-b1d0-13611dd3c4af'),
 ('5', '5', 'en_us', '', NULL, '1', '2017-08-17 18:10:14', '2017-08-21 15:43:55', 'cd85de31-ab05-4d00-8b54-1058ef5ceea9'),
 ('6', '6', 'en_us', '', NULL, '1', '2017-08-17 18:10:15', '2017-08-21 15:43:56', 'a337bcd6-8f15-4a4f-a4f4-a9ef3861d8a2'),
 ('7', '7', 'en_us', '', NULL, '1', '2017-08-17 18:10:16', '2017-08-21 15:43:57', 'a7f4e14f-93de-4053-acf3-ca28b7e3a3e4'),
 ('8', '8', 'en_us', 'beer', 'libation-trail/beer', '1', '2017-08-17 18:12:23', '2017-08-17 18:13:34', '18d8baa6-b70e-4fe7-8de4-b42cae790a00'),
 ('9', '9', 'en_us', 'buffalo-creek', NULL, '1', '2017-08-17 18:13:19', '2017-08-17 18:13:19', '392a7c54-b065-477c-86eb-a529e4d63cf8'),
 ('10', '10', 'en_us', 'buffalo-creek-brewing', 'buffalo-creek-brewing', '1', '2017-08-17 18:13:31', '2017-08-17 18:15:50', 'a42aa51f-792d-4252-ad80-a03f2f48bc3d'),
 ('11', '11', 'en_us', 'halfday-brewing', NULL, '1', '2017-08-17 18:14:55', '2017-08-17 18:14:55', '2559760e-e783-4aa3-ae5d-a3b4bc4b9173'),
 ('12', '12', 'en_us', 'logo-halfday', NULL, '1', '2017-08-17 18:15:23', '2017-08-17 18:15:23', '9d4c3e36-0613-408c-96d5-1583cb0020f3'),
 ('13', '13', 'en_us', 'half-day-brewing-co', 'half-day-brewing-co', '1', '2017-08-17 18:15:32', '2017-08-17 18:15:35', '6a67d930-ce4b-48d1-9041-7ed41abfa520'),
 ('14', '14', 'en_us', 'logo-mickeyfinns', NULL, '1', '2017-08-17 18:18:03', '2017-08-17 18:18:03', '5e0a47d3-845b-4e5b-bf35-3a628f95e133'),
 ('15', '15', 'en_us', 'mickeyfinns', NULL, '1', '2017-08-17 18:19:40', '2017-08-17 18:19:40', '3037bc95-017c-4919-baff-0bff93a63435'),
 ('16', '16', 'en_us', 'mickey-finns-brewery', 'mickey-finns-brewery', '1', '2017-08-17 18:19:48', '2017-08-17 18:19:51', '1d3693b3-2222-4446-ae55-c31ed535299b'),
 ('17', '17', 'en_us', 'sidelot', NULL, '1', '2017-08-17 18:21:12', '2017-08-17 18:21:12', '07272051-0000-462a-b717-ef9595115047'),
 ('18', '18', 'en_us', 'logo-sidelot', NULL, '1', '2017-08-17 18:21:19', '2017-08-17 18:21:19', '64fd9be4-97e5-4be9-8f90-a6d667eef976'),
 ('19', '19', 'en_us', 'side-lot-brewery', 'side-lot-brewery', '1', '2017-08-17 18:21:30', '2017-08-17 18:21:33', '82e2f257-6d0d-47b0-98f2-1f86cdd26113'),
 ('20', '20', 'en_us', 'logo-northshore', NULL, '1', '2017-08-17 18:23:00', '2017-08-17 18:23:00', '2c3ee021-6cf6-458a-8a23-ab440f4fa6c5'),
 ('21', '21', 'en_us', 'northshore', NULL, '1', '2017-08-17 18:23:47', '2017-08-17 18:23:47', '00e55bb6-3eab-42d3-a344-2f706aca4c5d'),
 ('22', '22', 'en_us', 'spirits', 'libation-trail/spirits', '1', '2017-08-17 18:24:00', '2017-08-17 18:25:09', '71aa0439-6fe8-4900-a661-8a974504f87c'),
 ('23', '23', 'en_us', 'north-shore-distillery', 'north-shore-distillery', '1', '2017-08-17 18:25:05', '2017-08-17 18:25:10', '1828efe6-758b-4642-bd59-b60becc6ea84'),
 ('24', '24', 'en_us', 'wine', 'libation-trail/wine', '1', '2017-08-17 18:26:12', '2017-08-17 18:26:54', '29f5eb6b-e662-41f8-ba94-4a0d970e706d'),
 ('25', '25', 'en_us', 'lynfred', NULL, '1', '2017-08-17 18:26:39', '2017-08-17 18:26:39', '646b413f-d5ba-4e2e-a28e-698dbf5082a4'),
 ('26', '26', 'en_us', 'logo-lynfred', NULL, '1', '2017-08-17 18:26:44', '2017-08-17 18:26:44', '253e31d4-69b9-4514-8da7-ea99fb1cdb91'),
 ('27', '27', 'en_us', 'lynfred-winery', 'lynfred-winery', '1', '2017-08-17 18:26:50', '2017-08-21 19:27:12', 'de7a08a0-0774-4c13-aacd-61eeab4b0cd2'),
 ('28', '28', 'en_us', 'valentino', NULL, '1', '2017-08-17 18:28:04', '2017-08-17 18:28:04', 'bbf35872-bb71-464e-afd3-bb10a7b95ee1'),
 ('29', '29', 'en_us', 'logo-valentino', NULL, '1', '2017-08-17 18:28:10', '2017-08-17 18:28:10', '285ee3c9-7839-4302-bd45-78fb6fa39e5d'),
 ('30', '30', 'en_us', 'valentino-vineyards', 'valentino-vineyards', '1', '2017-08-17 18:28:17', '2017-08-17 18:28:19', '9f908dd5-c12a-4047-81bb-bd8ac1994ce7'),
 ('31', '31', 'en_us', 'vignetodelbino', NULL, '1', '2017-08-17 18:29:15', '2017-08-17 18:29:15', '4a04c77f-3368-47cc-9c45-b5f145538a5b'),
 ('32', '32', 'en_us', 'logo-vignetodelbino', NULL, '1', '2017-08-17 18:29:23', '2017-08-17 18:29:23', '55b4db06-22c0-41fb-9b40-0743ab3535ca'),
 ('33', '33', 'en_us', 'vigneto-del-bino', 'vigneto-del-bino', '1', '2017-08-17 18:29:32', '2017-08-17 18:29:35', '18c6504f-03e8-46d7-81f5-91107bdf1285'),
 ('34', '34', 'en_us', 'lt-web-banner', NULL, '1', '2017-08-21 15:39:42', '2017-08-21 15:39:42', 'c3dd2754-0a07-4482-8a27-487f7d27fdf7'),
 ('35', '35', 'en_us', '', NULL, '1', '2017-08-21 15:40:09', '2017-08-21 15:43:58', '0feb01c5-0835-43c5-8d7f-17f578a40095');



DROP TABLE IF EXISTS `craft_emailmessages`;


--
-- Schema for table `craft_emailmessages`
--
CREATE TABLE `craft_emailmessages` (
  `id` int(11) NOT NULL AUTO_INCREMENT,
  `key` char(150) COLLATE utf8_unicode_ci NOT NULL,
  `locale` char(12) COLLATE utf8_unicode_ci NOT NULL,
  `subject` varchar(1000) COLLATE utf8_unicode_ci NOT NULL,
  `body` text COLLATE utf8_unicode_ci NOT NULL,
  `dateCreated` datetime NOT NULL,
  `dateUpdated` datetime NOT NULL,
  `uid` char(36) COLLATE utf8_unicode_ci NOT NULL DEFAULT '0',
  PRIMARY KEY (`id`),
  UNIQUE KEY `craft_emailmessages_key_locale_unq_idx` (`key`,`locale`),
  KEY `craft_emailmessages_locale_fk` (`locale`)
) ENGINE=InnoDB DEFAULT CHARSET=utf8 COLLATE=utf8_unicode_ci;

DROP TABLE IF EXISTS `craft_entries`;


--
-- Schema for table `craft_entries`
--
CREATE TABLE `craft_entries` (
  `id` int(11) NOT NULL,
  `sectionId` int(11) NOT NULL,
  `typeId` int(11) DEFAULT NULL,
  `authorId` int(11) DEFAULT NULL,
  `postDate` datetime DEFAULT NULL,
  `expiryDate` datetime DEFAULT NULL,
  `dateCreated` datetime NOT NULL,
  `dateUpdated` datetime NOT NULL,
  `uid` char(36) COLLATE utf8_unicode_ci NOT NULL DEFAULT '0',
  PRIMARY KEY (`id`),
  KEY `craft_entries_sectionId_idx` (`sectionId`),
  KEY `craft_entries_typeId_idx` (`typeId`),
  KEY `craft_entries_postDate_idx` (`postDate`),
  KEY `craft_entries_expiryDate_idx` (`expiryDate`),
  KEY `craft_entries_authorId_fk` (`authorId`)
) ENGINE=InnoDB DEFAULT CHARSET=utf8 COLLATE=utf8_unicode_ci;

--
-- Data for table `craft_entries`
--

INSERT INTO `craft_entries` (`id`, `sectionId`, `typeId`, `authorId`, `postDate`, `expiryDate`, `dateCreated`, `dateUpdated`, `uid`) VALUES
 ('2', '1', NULL, NULL, '2017-08-17 17:12:34', NULL, '2017-08-17 17:12:35', '2017-08-21 15:44:00', 'eb57cb77-ddd4-43b9-95e1-32d6521f5cc5'),
 ('10', '3', '3', '1', '2017-08-17 18:13:00', NULL, '2017-08-17 18:13:32', '2017-08-17 18:15:51', '4e5a7e8f-1321-43c1-8426-d36008088366'),
 ('13', '3', '3', '1', '2017-08-17 18:15:30', NULL, '2017-08-17 18:15:33', '2017-08-17 18:15:33', 'ffb9f911-cc59-4df4-a824-bbd3199c7472'),
 ('16', '3', '3', '1', '2017-08-17 18:19:46', NULL, '2017-08-17 18:19:49', '2017-08-17 18:19:49', 'cfc1c5ad-982f-406c-bd8c-2988ba70fc1e'),
 ('19', '3', '3', '1', '2017-08-17 18:21:28', NULL, '2017-08-17 18:21:31', '2017-08-17 18:21:31', 'fb1e0d91-cecf-45df-9420-5036bb9293e0'),
 ('23', '3', '3', '1', '2017-08-17 18:25:03', NULL, '2017-08-17 18:25:06', '2017-08-17 18:25:06', 'e4cdf9dc-f73a-4079-92de-cf85d5a1a529'),
 ('27', '3', '3', '1', '2017-08-17 18:26:00', NULL, '2017-08-17 18:26:51', '2017-08-21 19:27:13', '28bf931b-8735-4a4c-b872-279729c75a99'),
 ('30', '3', '3', '1', '2017-08-17 18:28:15', NULL, '2017-08-17 18:28:18', '2017-08-17 18:28:18', '77913558-9cea-4e59-aeca-09a1c6e121bf'),
 ('33', '3', '3', '1', '2017-08-17 18:29:30', NULL, '2017-08-17 18:29:33', '2017-08-17 18:29:33', '9f329f96-3667-47ba-a3bc-dd7e0774c071');



DROP TABLE IF EXISTS `craft_entrydrafts`;


--
-- Schema for table `craft_entrydrafts`
--
CREATE TABLE `craft_entrydrafts` (
  `id` int(11) NOT NULL AUTO_INCREMENT,
  `entryId` int(11) NOT NULL,
  `sectionId` int(11) NOT NULL,
  `creatorId` int(11) NOT NULL,
  `locale` char(12) COLLATE utf8_unicode_ci NOT NULL,
  `name` varchar(255) COLLATE utf8_unicode_ci NOT NULL,
  `notes` tinytext COLLATE utf8_unicode_ci,
  `data` mediumtext COLLATE utf8_unicode_ci NOT NULL,
  `dateCreated` datetime NOT NULL,
  `dateUpdated` datetime NOT NULL,
  `uid` char(36) COLLATE utf8_unicode_ci NOT NULL DEFAULT '0',
  PRIMARY KEY (`id`),
  KEY `craft_entrydrafts_entryId_locale_idx` (`entryId`,`locale`),
  KEY `craft_entrydrafts_sectionId_fk` (`sectionId`),
  KEY `craft_entrydrafts_creatorId_fk` (`creatorId`),
  KEY `craft_entrydrafts_locale_fk` (`locale`)
) ENGINE=InnoDB DEFAULT CHARSET=utf8 COLLATE=utf8_unicode_ci;

DROP TABLE IF EXISTS `craft_entrytypes`;


--
-- Schema for table `craft_entrytypes`
--
CREATE TABLE `craft_entrytypes` (
  `id` int(11) NOT NULL AUTO_INCREMENT,
  `sectionId` int(11) NOT NULL,
  `fieldLayoutId` int(11) DEFAULT NULL,
  `name` varchar(255) COLLATE utf8_unicode_ci NOT NULL,
  `handle` varchar(255) COLLATE utf8_unicode_ci NOT NULL,
  `hasTitleField` tinyint(1) unsigned NOT NULL DEFAULT '1',
  `titleLabel` varchar(255) COLLATE utf8_unicode_ci DEFAULT 'Title',
  `titleFormat` varchar(255) COLLATE utf8_unicode_ci DEFAULT NULL,
  `sortOrder` smallint(6) unsigned DEFAULT NULL,
  `dateCreated` datetime NOT NULL,
  `dateUpdated` datetime NOT NULL,
  `uid` char(36) COLLATE utf8_unicode_ci NOT NULL DEFAULT '0',
  PRIMARY KEY (`id`),
  UNIQUE KEY `craft_entrytypes_name_sectionId_unq_idx` (`name`,`sectionId`),
  UNIQUE KEY `craft_entrytypes_handle_sectionId_unq_idx` (`handle`,`sectionId`),
  KEY `craft_entrytypes_sectionId_fk` (`sectionId`),
  KEY `craft_entrytypes_fieldLayoutId_fk` (`fieldLayoutId`)
) ENGINE=InnoDB AUTO_INCREMENT=4 DEFAULT CHARSET=utf8 COLLATE=utf8_unicode_ci;

--
-- Data for table `craft_entrytypes`
--

INSERT INTO `craft_entrytypes` (`id`, `sectionId`, `fieldLayoutId`, `name`, `handle`, `hasTitleField`, `titleLabel`, `titleFormat`, `sortOrder`, `dateCreated`, `dateUpdated`, `uid`) VALUES
 ('1', '1', '29', 'Homepage', 'homepage', '1', 'Title', NULL, '1', '2017-08-17 17:12:34', '2017-08-21 15:35:00', '4c11cce7-f502-4d74-bed1-8c0d68392583'),
 ('3', '3', '22', 'Libation Trail', 'libationTrail', '1', 'Title', NULL, '1', '2017-08-17 17:44:51', '2017-08-17 18:08:32', '28547496-26a4-436d-a100-961b6fc8041b');



DROP TABLE IF EXISTS `craft_entryversions`;


--
-- Schema for table `craft_entryversions`
--
CREATE TABLE `craft_entryversions` (
  `id` int(11) NOT NULL AUTO_INCREMENT,
  `entryId` int(11) NOT NULL,
  `sectionId` int(11) NOT NULL,
  `creatorId` int(11) DEFAULT NULL,
  `locale` char(12) COLLATE utf8_unicode_ci NOT NULL,
  `num` smallint(6) unsigned NOT NULL,
  `notes` tinytext COLLATE utf8_unicode_ci,
  `data` mediumtext COLLATE utf8_unicode_ci NOT NULL,
  `dateCreated` datetime NOT NULL,
  `dateUpdated` datetime NOT NULL,
  `uid` char(36) COLLATE utf8_unicode_ci NOT NULL DEFAULT '0',
  PRIMARY KEY (`id`),
  KEY `craft_entryversions_entryId_locale_idx` (`entryId`,`locale`),
  KEY `craft_entryversions_sectionId_fk` (`sectionId`),
  KEY `craft_entryversions_creatorId_fk` (`creatorId`),
  KEY `craft_entryversions_locale_fk` (`locale`)
) ENGINE=InnoDB AUTO_INCREMENT=19 DEFAULT CHARSET=utf8 COLLATE=utf8_unicode_ci;

--
-- Data for table `craft_entryversions`
--

INSERT INTO `craft_entryversions` (`id`, `entryId`, `sectionId`, `creatorId`, `locale`, `num`, `notes`, `data`, `dateCreated`, `dateUpdated`, `uid`) VALUES
 ('1', '2', '1', '1', 'en_us', '1', NULL, '{\"typeId\":\"1\",\"authorId\":null,\"title\":\"Homepage\",\"slug\":\"homepage\",\"postDate\":1502989954,\"expiryDate\":null,\"enabled\":1,\"parentId\":null,\"fields\":[]}', '2017-08-17 17:12:35', '2017-08-17 17:12:35', '7ea7c17d-8fd7-42fe-8210-92853d1f05c5'),
 ('2', '2', '1', '1', 'en_us', '2', NULL, '{\"typeId\":null,\"authorId\":null,\"title\":\"Welcome to Libationtrail.dev!\",\"slug\":\"homepage\",\"postDate\":1502989954,\"expiryDate\":null,\"enabled\":\"1\",\"parentId\":null,\"fields\":{\"1\":\"<p>It\\u2019s true, this site doesn\\u2019t have a whole lot of content yet, but don\\u2019t worry. Our web developers have just installed the CMS, and they\\u2019re setting things up for the content editors this very moment. Soon Libationtrail.dev will be an oasis of fresh perspectives, sharp analyses, and astute opinions that will keep you coming back again and again.<\\/p>\"}}', '2017-08-17 17:12:37', '2017-08-17 17:12:37', 'e4fc17e2-e82f-4b6e-b0a4-bc71eb5fb5ed'),
 ('4', '2', '1', '1', 'en_us', '3', '', '{\"typeId\":null,\"authorId\":null,\"title\":\"Lake County Libation Trail\",\"slug\":\"homepage\",\"postDate\":1502989954,\"expiryDate\":null,\"enabled\":1,\"parentId\":null,\"fields\":{\"10\":\"\",\"13\":{\"new2\":{\"type\":\"subhead\",\"enabled\":\"1\",\"fields\":{\"subhead\":\"We Make Our Own\"}},\"new1\":{\"type\":\"copy\",\"enabled\":\"1\",\"fields\":{\"copy\":\"<p>From beer and wine to vodka and whiskey, our locally grown, crafted and distilled adult beverages are designed to dazzle and educate the most discerning tastes.<\\/p>\\r\\n<p>Gin and vodka aficionados can learn the secrets of distilling at North Shore Distillery in Green Oaks. They offer tours, tastings and specialty cocktails.<\\/p><p>Serious beer fans will appreciate the variety of choices among our numerous craft breweries and pubs. Try the offerings at Mickey Finn\'s, the first established brewery in Lake County, Side Lot Brewing Co. in Wauconda or Half Day Brewing in Lincolnshire.<\\/p>\\r\\n<p>Wine lovers will marvel at local vintages casked straight from Lake County vineyards. Delight in flights of red and white at the tasting rooms of Vigneto del Bino Vineyard in Antioch, Valentino Vineyards & Winery in Long Grove and Lynfred Winery in Wheeling.<\\/p>\"}},\"new4\":{\"type\":\"map\",\"enabled\":\"1\",\"fields\":{\"map\":\"libationTrail\"}},\"new3\":{\"type\":\"listing\",\"enabled\":\"1\",\"fields\":{\"listing\":\"libationTrail\"}}},\"20\":{\"title\":\"Lake County Libation Trail Welcome to Libationtrail.dev! | Visit Lake County, Ililnois\",\"description\":\"\",\"keyword\":\"\",\"score\":\"\"}}}', '2017-08-17 18:10:16', '2017-08-17 18:10:16', '08c32184-af70-4223-93fc-09b075a456eb'),
 ('5', '10', '3', '1', 'en_us', '1', '', '{\"typeId\":null,\"authorId\":\"1\",\"title\":\"Buffalo Creek Brewing\",\"slug\":\"buffalo-creek-brewing\",\"postDate\":1502993609,\"expiryDate\":null,\"enabled\":1,\"parentId\":null,\"fields\":{\"21\":{\"street1\":\"360 Historical Ln\",\"street2\":\"\",\"city\":\"Long Grove\",\"state\":\"IL\",\"zip\":\"60047\",\"country\":\"United States\",\"lat\":\"42.1767762\",\"lng\":\"-87.9979926\"},\"5\":\"<p>Brewing madness in downtown historic Long Grove.<\\/p>\",\"7\":[\"8\"],\"8\":[\"9\"],\"6\":\"\",\"9\":\"\",\"3\":[{\"col1\":\"Phone\",\"col2\":\"847-821-6140\"}],\"4\":\"http:\\/\\/www.buffalocreekbrewing.com\\/\"}}', '2017-08-17 18:13:33', '2017-08-17 18:13:33', 'd372724f-158c-4818-9758-2f335bed9cff'),
 ('6', '13', '3', '1', 'en_us', '1', '', '{\"typeId\":null,\"authorId\":\"1\",\"title\":\"Half Day Brewing Co.\",\"slug\":\"half-day-brewing-co\",\"postDate\":1502993730,\"expiryDate\":null,\"enabled\":1,\"parentId\":null,\"fields\":{\"21\":{\"street1\":\"200 Village Green\",\"street2\":\"\",\"city\":\"Lincolnshire\",\"state\":\"IL\",\"zip\":\"60069\",\"country\":\"United States\",\"lat\":\"42.2026054\",\"lng\":\"-87.9307916\"},\"5\":\"<p>Savor an extensive list of house beers and craft brews on tap with an appealing gastropub menu and a sprawling patio.<\\/p>\",\"7\":[\"8\"],\"8\":[\"11\"],\"6\":\"http:\\/\\/www.visitlakecounty.org\\/HalfDayBrewingCo\",\"9\":[\"12\"],\"3\":[{\"col1\":\"Phone\",\"col2\":\"847.821.6933\"}],\"4\":\"http:\\/\\/www.halfdaybrewing.com\\/\"}}', '2017-08-17 18:15:34', '2017-08-17 18:15:34', '6a7fdfe9-aa85-4c29-9682-bf599a5f62e4'),
 ('7', '10', '3', '1', 'en_us', '2', '', '{\"typeId\":\"3\",\"authorId\":\"1\",\"title\":\"Buffalo Creek Brewing\",\"slug\":\"buffalo-creek-brewing\",\"postDate\":1502993580,\"expiryDate\":null,\"enabled\":1,\"parentId\":null,\"fields\":{\"21\":{\"street1\":\"360 Historical Ln\",\"street2\":\"\",\"city\":\"Long Grove\",\"state\":\"IL\",\"zip\":\"60047\",\"country\":\"United States\",\"lat\":\"42.17677620\",\"lng\":\"-87.99799260\"},\"5\":\"<p>Brewing madness in downtown historic Long Grove.<\\/p>\",\"7\":[\"8\"],\"8\":[\"9\"],\"6\":\"http:\\/\\/www.visitlakecounty.org\\/BuffaloCreekBrewing\",\"9\":\"\",\"3\":[{\"col1\":\"Phone\",\"col2\":\"847-821-6140\"}],\"4\":\"http:\\/\\/www.buffalocreekbrewing.com\\/\"}}', '2017-08-17 18:15:52', '2017-08-17 18:15:52', '75675d8d-7b71-4a5f-a319-cb6fda7212dc'),
 ('8', '16', '3', '1', 'en_us', '1', '', '{\"typeId\":null,\"authorId\":\"1\",\"title\":\"Mickey Finn\'s Brewery\",\"slug\":\"mickey-finns-brewery\",\"postDate\":1502993986,\"expiryDate\":null,\"enabled\":1,\"parentId\":null,\"fields\":{\"21\":{\"street1\":\"345 N Milwaukee Ave\",\"street2\":\"\",\"city\":\"Chicago\",\"state\":\"IL\",\"zip\":\"60661\",\"country\":\"United States\",\"lat\":\"41.8862611\",\"lng\":\"-87.64059\"},\"5\":\"<p>Lake County\'s first brewpub serving unique handcrafted ales and lagers. Plus great food and live music on the weekend.<\\/p>\",\"7\":[\"8\"],\"8\":[\"15\"],\"6\":\"http:\\/\\/www.visitlakecounty.org\\/MickeyFinnsBrewery\",\"9\":[\"14\"],\"3\":[{\"col1\":\"Phone\",\"col2\":\"847.362.6688\"}],\"4\":\"http:\\/\\/www.mickeyfinnsbrewery.com\\/\"}}', '2017-08-17 18:19:50', '2017-08-17 18:19:50', '7968e57f-b198-4024-aa62-2eaff8b50a53'),
 ('9', '19', '3', '1', 'en_us', '1', '', '{\"typeId\":null,\"authorId\":\"1\",\"title\":\"Side Lot Brewery\",\"slug\":\"side-lot-brewery\",\"postDate\":1502994088,\"expiryDate\":null,\"enabled\":1,\"parentId\":null,\"fields\":{\"21\":{\"street1\":\"110 Slocum Lake Rd\",\"street2\":\"\",\"city\":\"Wauconda\",\"state\":\"IL\",\"zip\":\"60084\",\"country\":\"United States\",\"lat\":\"42.260531\",\"lng\":\"-88.142971\"},\"5\":\"<p>This sleek and saavy brewery knows what it\'s doing with a stellar selection of beers on tap and a delectable food menu<\\/p><p><a href=\\\"http:\\/\\/www.visitlakecounty.org\\/NorthShoreDistilleryLLC\\\"><\\/a><\\/p>\",\"7\":[\"8\"],\"8\":[\"17\"],\"6\":\"http:\\/\\/www.visitlakecounty.org\\/SideLotBrewery\",\"9\":[\"18\"],\"3\":[{\"col1\":\"Phone\",\"col2\":\"847.865.0281\"}],\"4\":\"http:\\/\\/sidelotbrewing.com\\/\"}}', '2017-08-17 18:21:32', '2017-08-17 18:21:32', '9200fc41-f187-4cd8-b015-0ada761cbdaf'),
 ('10', '23', '3', '1', 'en_us', '1', '', '{\"typeId\":null,\"authorId\":\"1\",\"title\":\"North Shore Distillery\",\"slug\":\"north-shore-distillery\",\"postDate\":1502994303,\"expiryDate\":null,\"enabled\":1,\"parentId\":null,\"fields\":{\"21\":{\"street1\":\"13990 Rockland Rd\",\"street2\":\"\",\"city\":\"Green Oaks\",\"state\":\"IL\",\"zip\":\"60048\",\"country\":\"United States\",\"lat\":\"42.280703\",\"lng\":\"-87.905011\"},\"5\":\"<p>Delicious, award-winning spirits and cocktails by true artisans. Beautiful spaces, cocktail classes, events & more.<br><a href=\\\"http:\\/\\/www.visitlakecounty.org\\/LynfredWineryWheeling\\\"><\\/a><\\/p>\",\"7\":[\"22\"],\"8\":[\"21\"],\"6\":\"http:\\/\\/www.visitlakecounty.org\\/NorthShoreDistilleryLLC\",\"9\":[\"20\"],\"3\":[{\"col1\":\"Phone\",\"col2\":\"847.574.2499\"}],\"4\":\"http:\\/\\/northshoredistillery.com\\/\"}}', '2017-08-17 18:25:07', '2017-08-17 18:25:07', '6fb487db-3f42-46bf-a02e-d48bf8f135ce'),
 ('11', '27', '3', '1', 'en_us', '1', '', '{\"typeId\":null,\"authorId\":\"1\",\"title\":\"Lynfred Winery\",\"slug\":\"lynfred-winery\",\"postDate\":1502994408,\"expiryDate\":null,\"enabled\":1,\"parentId\":null,\"fields\":{\"21\":{\"street1\":\"971 N Milwaukee Ave\",\"street2\":\"\",\"city\":\"Wheeling\",\"state\":\"IL\",\"zip\":\"60090\",\"country\":\"United States\",\"lat\":\"42.160111\",\"lng\":\"-87.917769\"},\"5\":\"<p>Oenophiles flock to this elegant tasting room for flights and pairings. Browse the wine shop. Wine events year-round.<\\/p>\",\"7\":[\"24\"],\"8\":[\"25\"],\"6\":\"http:\\/\\/www.visitlakecounty.org\\/LynfredWineryWheeling\",\"9\":[\"26\"],\"3\":[{\"col1\":\"Phone\",\"col2\":\"\"}],\"4\":\"http:\\/\\/www.lynfredwinery.com\\/\"}}', '2017-08-17 18:26:52', '2017-08-17 18:26:52', '6029f177-9849-4b58-800d-5cda0ad68364'),
 ('12', '30', '3', '1', 'en_us', '1', '', '{\"typeId\":null,\"authorId\":\"1\",\"title\":\"Valentino Vineyards\",\"slug\":\"valentino-vineyards\",\"postDate\":1502994495,\"expiryDate\":null,\"enabled\":1,\"parentId\":null,\"fields\":{\"21\":{\"street1\":\"5175 Aptakisic Rd\",\"street2\":\"\",\"city\":\"Long Grove\",\"state\":\"IL\",\"zip\":\"60047\",\"country\":\"United States\",\"lat\":\"42.1835411\",\"lng\":\"-87.976232\"},\"5\":\"<p>A viticulturist\'s dream! Come taste 20 different types of wine and tour this 20-acre estate vineyard. Open May-Dec.<\\/p>\",\"7\":[\"24\"],\"8\":[\"28\"],\"6\":\"http:\\/\\/www.visitlakecounty.org\\/ValentinoVineyardsInc\",\"9\":[\"29\"],\"3\":[{\"col1\":\"Phone\",\"col2\":\"847.634.2831\"}],\"4\":\"http:\\/\\/www.valentinovineyards.com\\/\"}}', '2017-08-17 18:28:19', '2017-08-17 18:28:19', '7044ea1d-5ee9-43e7-8c47-e52b4bd19185'),
 ('13', '33', '3', '1', 'en_us', '1', '', '{\"typeId\":null,\"authorId\":\"1\",\"title\":\"Vigneto del Bino\",\"slug\":\"vigneto-del-bino\",\"postDate\":1502994570,\"expiryDate\":null,\"enabled\":1,\"parentId\":null,\"fields\":{\"21\":{\"street1\":\"42150 N Crawford Rd\",\"street2\":\"\",\"city\":\"Antioch\",\"state\":\"IL\",\"zip\":\"60002\",\"country\":\"United States\",\"lat\":\"42.474519\",\"lng\":\"-87.994179\"},\"5\":\"<p>From the fruit of the vines of this 10-acre boutique winery come award-winning reds and whites. Tasting room and gift shop.<\\/p>\",\"7\":\"\",\"8\":[\"31\"],\"6\":\"http:\\/\\/www.visitlakecounty.org\\/VignetodelBinoWinery\",\"9\":[\"32\"],\"3\":[{\"col1\":\"Phone\",\"col2\":\"847.204.7352\"}],\"4\":\"http:\\/\\/www.vignetodelbino.com\\/front\"}}', '2017-08-17 18:29:34', '2017-08-17 18:29:34', '07d018fb-25ae-4e22-8b5f-455edd485b33'),
 ('14', '2', '1', '1', 'en_us', '4', '', '{\"typeId\":null,\"authorId\":null,\"title\":\"Lake County Libation Trail\",\"slug\":\"homepage\",\"postDate\":1502989954,\"expiryDate\":null,\"enabled\":1,\"parentId\":null,\"fields\":{\"23\":\"The Lake County, Illinois Libation Trail\",\"10\":\"\",\"13\":{\"4\":{\"type\":\"subhead\",\"enabled\":\"1\",\"fields\":{\"subhead\":\"We Make Our Own\"}},\"5\":{\"type\":\"copy\",\"enabled\":\"1\",\"fields\":{\"copy\":\"<p>From beer and wine to vodka and whiskey, our locally grown, crafted and distilled adult beverages are designed to dazzle and educate the most discerning tastes.<\\/p>\\r\\n<p>Gin and vodka aficionados can learn the secrets of distilling at North Shore Distillery in Green Oaks. They offer tours, tastings and specialty cocktails.<\\/p>\\r\\n<p>Serious beer fans will appreciate the variety of choices among our numerous craft breweries and pubs. Try the offerings at Mickey Finn\'s, the first established brewery in Lake County, Side Lot Brewing Co. in Wauconda or Half Day Brewing in Lincolnshire.<\\/p>\\r\\n<p>Wine lovers will marvel at local vintages casked straight from Lake County vineyards. Delight in flights of red and white at the tasting rooms of Vigneto del Bino Vineyard in Antioch, Valentino Vineyards & Winery in Long Grove and Lynfred Winery in Wheeling.<\\/p>\"}},\"6\":{\"type\":\"map\",\"enabled\":\"1\",\"fields\":{\"map\":\"libationTrail\"}},\"7\":{\"type\":\"listing\",\"enabled\":\"1\",\"fields\":{\"listing\":\"libationTrail\"}}},\"20\":{\"title\":\"Lake County Libation Trail Welcome to Libationtrail.dev! | Visit Lake County, Ililnois\",\"description\":\"\",\"keyword\":\"\",\"score\":\"\"}}}', '2017-08-21 15:35:40', '2017-08-21 15:35:40', 'b14d36e3-ec4e-42f0-bf7c-fd6e14cc353d'),
 ('15', '2', '1', '1', 'en_us', '5', '', '{\"typeId\":null,\"authorId\":null,\"title\":\"Lake County Libation Trail\",\"slug\":\"homepage\",\"postDate\":1502989954,\"expiryDate\":null,\"enabled\":1,\"parentId\":null,\"fields\":{\"23\":\"The Lake County, Illinois Libation Trail\",\"10\":\"\",\"13\":{\"4\":{\"type\":\"subhead\",\"enabled\":\"1\",\"fields\":{\"subhead\":\"We Make Our Own\"}},\"5\":{\"type\":\"copy\",\"enabled\":\"1\",\"fields\":{\"copy\":\"<p>From beer and wine to vodka and whiskey, our locally grown, crafted and distilled adult beverages are designed to dazzle and educate the most discerning tastes.<\\/p>\\r\\n<p>Gin and vodka aficionados can learn the secrets of distilling at North Shore Distillery in Green Oaks. They offer tours, tastings and specialty cocktails.<\\/p>\\r\\n<p>Serious beer fans will appreciate the variety of choices among our numerous craft breweries and pubs. Try the offerings at Mickey Finn\'s, the first established brewery in Lake County, Side Lot Brewing Co. in Wauconda or Half Day Brewing in Lincolnshire.<\\/p>\\r\\n<p>Wine lovers will marvel at local vintages casked straight from Lake County vineyards. Delight in flights of red and white at the tasting rooms of Vigneto del Bino Vineyard in Antioch, Valentino Vineyards & Winery in Long Grove and Lynfred Winery in Wheeling.<\\/p>\"}},\"6\":{\"type\":\"map\",\"enabled\":\"1\",\"fields\":{\"map\":\"libationTrail\"}},\"7\":{\"type\":\"listing\",\"enabled\":\"1\",\"fields\":{\"listing\":\"libationTrail\"}}},\"20\":{\"title\":\"Lake County Libation Trail Welcome to Libationtrail.dev! | Visit Lake County, Ililnois\",\"description\":\"\",\"keyword\":\"\",\"score\":\"\"}}}', '2017-08-21 15:36:40', '2017-08-21 15:36:40', '7ff54f5d-d71d-4ef9-b2d7-2deee7b8599b'),
 ('16', '2', '1', '1', 'en_us', '6', '', '{\"typeId\":null,\"authorId\":null,\"title\":\"Lake County Libation Trail\",\"slug\":\"homepage\",\"postDate\":1502989954,\"expiryDate\":null,\"enabled\":1,\"parentId\":null,\"fields\":{\"23\":\"The Lake County, Illinois Libation Trail\",\"10\":\"\",\"13\":{\"4\":{\"type\":\"subhead\",\"enabled\":\"1\",\"fields\":{\"subhead\":\"We Make Our Own\"}},\"5\":{\"type\":\"copy\",\"enabled\":\"1\",\"fields\":{\"copy\":\"<p>From beer and wine to vodka and whiskey, our locally grown, crafted and distilled adult beverages are designed to dazzle and educate the most discerning tastes.<\\/p>\\r\\n<p>Gin and vodka aficionados can learn the secrets of distilling at North Shore Distillery in Green Oaks. They offer tours, tastings and specialty cocktails.<\\/p>\\r\\n<p>Serious beer fans will appreciate the variety of choices among our numerous craft breweries and pubs. Try the offerings at Mickey Finn\'s, the first established brewery in Lake County, Side Lot Brewing Co. in Wauconda or Half Day Brewing in Lincolnshire.<\\/p>\\r\\n<p>Wine lovers will marvel at local vintages casked straight from Lake County vineyards. Delight in flights of red and white at the tasting rooms of Vigneto del Bino Vineyard in Antioch, Valentino Vineyards & Winery in Long Grove and Lynfred Winery in Wheeling.<\\/p>\"}},\"6\":{\"type\":\"map\",\"enabled\":\"1\",\"fields\":{\"map\":\"libationTrail\"}},\"7\":{\"type\":\"listing\",\"enabled\":\"1\",\"fields\":{\"listing\":\"libationTrail\"}},\"new1\":{\"type\":\"image\",\"enabled\":\"1\",\"fields\":{\"image\":[\"34\"],\"caption\":\"This is a sample caption.\"}},\"new2\":{\"type\":\"embedCode\",\"enabled\":\"1\",\"fields\":{\"embed\":\"<script id=\\\"cr__init-de54c216\\\" src=\\\"https:\\/\\/embed.crowdriff.com\\/js\\/init?hash=de54c216\\\" async><\\/script>\"}}},\"20\":{\"title\":\"Lake County Libation Trail Welcome to Libationtrail.dev! | Visit Lake County, Ililnois\",\"description\":\"\",\"keyword\":\"\",\"score\":\"\"}}}', '2017-08-21 15:40:10', '2017-08-21 15:40:10', 'a3f7e1f7-0307-4664-a5a8-4e4132dfa50a'),
 ('17', '2', '1', '1', 'en_us', '7', '', '{\"typeId\":null,\"authorId\":null,\"title\":\"Lake County Libation Trail\",\"slug\":\"homepage\",\"postDate\":1502989954,\"expiryDate\":null,\"enabled\":1,\"parentId\":null,\"fields\":{\"23\":\"The Lake County, Illinois Libation Trail\",\"10\":\"\",\"13\":{\"4\":{\"type\":\"subhead\",\"enabled\":\"1\",\"fields\":{\"subhead\":\"We Make Our Own\"}},\"5\":{\"type\":\"copy\",\"enabled\":\"1\",\"fields\":{\"copy\":\"<p>From beer and wine to vodka and whiskey, our locally grown, crafted and distilled adult beverages are designed to dazzle and educate the most discerning tastes.<\\/p>\\r\\n<p>Gin and vodka aficionados can learn the secrets of distilling at North Shore Distillery in Green Oaks. They offer tours, tastings and specialty cocktails.<\\/p>\\r\\n<p>Serious beer fans will appreciate the variety of choices among our numerous craft breweries and pubs. Try the offerings at Mickey Finn\'s, the first established brewery in Lake County, Side Lot Brewing Co. in Wauconda or Half Day Brewing in Lincolnshire.<\\/p>\\r\\n<p>Wine lovers will marvel at local vintages casked straight from Lake County vineyards. Delight in flights of red and white at the tasting rooms of Vigneto del Bino Vineyard in Antioch, Valentino Vineyards & Winery in Long Grove and Lynfred Winery in Wheeling.<\\/p>\"}},\"6\":{\"type\":\"map\",\"enabled\":\"1\",\"fields\":{\"map\":\"libationTrail\"}},\"7\":{\"type\":\"listing\",\"enabled\":\"1\",\"fields\":{\"listing\":\"libationTrail\"}},\"35\":{\"type\":\"image\",\"enabled\":\"1\",\"fields\":{\"image\":[\"34\"],\"caption\":\"This is a sample caption.\"}}},\"20\":{\"title\":\"Lake County Libation Trail Welcome to Libationtrail.dev! | Visit Lake County, Ililnois\",\"description\":\"\",\"keyword\":\"\",\"score\":\"\"}}}', '2017-08-21 15:44:00', '2017-08-21 15:44:00', '752db54f-86c9-43f5-bb0d-581427424bb9'),
 ('18', '27', '3', '1', 'en_us', '2', '', '{\"typeId\":\"3\",\"authorId\":\"1\",\"title\":\"Lynfred Winery\",\"slug\":\"lynfred-winery\",\"postDate\":1502994360,\"expiryDate\":null,\"enabled\":1,\"parentId\":null,\"fields\":{\"21\":{\"street1\":\"971 N Milwaukee Ave\",\"street2\":\"\",\"city\":\"Wheeling\",\"state\":\"IL\",\"zip\":\"60090\",\"country\":\"United States\",\"lat\":\"42.16011100\",\"lng\":\"-87.91776900\"},\"5\":\"<p>Oenophiles flock to this elegant tasting room for flights and pairings. Browse the wine shop. Wine events year-round.<\\/p>\",\"7\":[\"24\"],\"8\":[\"25\"],\"6\":\"http:\\/\\/www.visitlakecounty.org\\/LynfredWineryWheeling\",\"9\":[\"26\"],\"3\":[{\"col1\":\"Phone\",\"col2\":\"847.229.9463\"}],\"4\":\"http:\\/\\/www.lynfredwinery.com\\/\"}}', '2017-08-21 19:27:13', '2017-08-21 19:27:13', '620e08ca-e751-4159-8f0d-6bca852e792c');



DROP TABLE IF EXISTS `craft_fieldgroups`;


--
-- Schema for table `craft_fieldgroups`
--
CREATE TABLE `craft_fieldgroups` (
  `id` int(11) NOT NULL AUTO_INCREMENT,
  `name` varchar(255) COLLATE utf8_unicode_ci NOT NULL,
  `dateCreated` datetime NOT NULL,
  `dateUpdated` datetime NOT NULL,
  `uid` char(36) COLLATE utf8_unicode_ci NOT NULL DEFAULT '0',
  PRIMARY KEY (`id`),
  UNIQUE KEY `craft_fieldgroups_name_unq_idx` (`name`)
) ENGINE=InnoDB AUTO_INCREMENT=4 DEFAULT CHARSET=utf8 COLLATE=utf8_unicode_ci;

--
-- Data for table `craft_fieldgroups`
--

INSERT INTO `craft_fieldgroups` (`id`, `name`, `dateCreated`, `dateUpdated`, `uid`) VALUES
 ('1', 'Default', '2017-08-17 17:12:32', '2017-08-17 17:12:32', 'e09bab0f-b04a-4485-8974-65a89c28db9d'),
 ('2', 'Listings', '2017-08-17 17:20:51', '2017-08-17 17:20:51', '130dd8b7-17d8-4573-a1d0-008af574b654'),
 ('3', 'SEO', '2017-08-17 17:47:01', '2017-08-17 17:47:01', '3248fea8-1407-43c1-9bbe-f07247733d1e');



DROP TABLE IF EXISTS `craft_fieldlayoutfields`;


--
-- Schema for table `craft_fieldlayoutfields`
--
CREATE TABLE `craft_fieldlayoutfields` (
  `id` int(11) NOT NULL AUTO_INCREMENT,
  `layoutId` int(11) NOT NULL,
  `tabId` int(11) NOT NULL,
  `fieldId` int(11) NOT NULL,
  `required` tinyint(1) unsigned NOT NULL DEFAULT '0',
  `sortOrder` smallint(6) unsigned DEFAULT NULL,
  `dateCreated` datetime NOT NULL,
  `dateUpdated` datetime NOT NULL,
  `uid` char(36) COLLATE utf8_unicode_ci NOT NULL DEFAULT '0',
  PRIMARY KEY (`id`),
  UNIQUE KEY `craft_fieldlayoutfields_layoutId_fieldId_unq_idx` (`layoutId`,`fieldId`),
  KEY `craft_fieldlayoutfields_sortOrder_idx` (`sortOrder`),
  KEY `craft_fieldlayoutfields_tabId_fk` (`tabId`),
  KEY `craft_fieldlayoutfields_fieldId_fk` (`fieldId`)
) ENGINE=InnoDB AUTO_INCREMENT=38 DEFAULT CHARSET=utf8 COLLATE=utf8_unicode_ci;

--
-- Data for table `craft_fieldlayoutfields`
--

INSERT INTO `craft_fieldlayoutfields` (`id`, `layoutId`, `tabId`, `fieldId`, `required`, `sortOrder`, `dateCreated`, `dateUpdated`, `uid`) VALUES
 ('19', '22', '16', '21', '0', '1', '2017-08-17 18:08:31', '2017-08-17 18:08:31', '9621daf5-ffee-4a46-9a62-cd528bf50ebe'),
 ('20', '22', '16', '3', '0', '2', '2017-08-17 18:08:31', '2017-08-17 18:08:31', '9d77e1bf-3d9e-4ee5-9c42-fd34aad09559'),
 ('21', '22', '16', '4', '0', '3', '2017-08-17 18:08:31', '2017-08-17 18:08:31', 'eb768c90-00ec-4e69-8cd8-ca3c78ac6ff8'),
 ('22', '22', '16', '5', '0', '4', '2017-08-17 18:08:31', '2017-08-17 18:08:31', '94d6f6fd-50f6-49e6-bb81-c42eca9c93bd'),
 ('23', '22', '16', '7', '0', '5', '2017-08-17 18:08:31', '2017-08-17 18:08:31', 'e90a476f-493a-4655-9e27-2550bada072f'),
 ('24', '22', '16', '6', '0', '6', '2017-08-17 18:08:32', '2017-08-17 18:08:32', '705d34fa-ee5d-4865-b30b-313f8bda60f2'),
 ('25', '22', '16', '8', '0', '7', '2017-08-17 18:08:32', '2017-08-17 18:08:32', '0e888f25-2deb-48bc-9f48-8741b8bc24dc'),
 ('26', '22', '16', '9', '0', '8', '2017-08-17 18:08:32', '2017-08-17 18:08:32', 'fdfb2854-3f28-47f6-adf2-9e196e021924'),
 ('27', '23', '17', '14', '0', '1', '2017-08-21 15:25:40', '2017-08-21 15:25:40', '8994cee7-ba72-4a96-b50b-01431e56c49f'),
 ('28', '24', '18', '15', '0', '1', '2017-08-21 15:25:41', '2017-08-21 15:25:41', '86bf5cad-d77b-4d0a-bdbe-645028537a5e'),
 ('29', '25', '19', '16', '0', '1', '2017-08-21 15:25:43', '2017-08-21 15:25:43', 'c57e191d-b235-4d97-b478-47a643fc8208'),
 ('30', '25', '19', '22', '0', '2', '2017-08-21 15:25:43', '2017-08-21 15:25:43', '30913760-093d-4115-bed2-33f121306a21'),
 ('31', '26', '20', '17', '0', '1', '2017-08-21 15:25:44', '2017-08-21 15:25:44', '251bc0e3-ccdc-4d1b-b364-5314297e6253'),
 ('32', '27', '21', '18', '0', '1', '2017-08-21 15:25:44', '2017-08-21 15:25:44', 'b35080ba-cfc0-4632-827d-365e520f3acf'),
 ('33', '28', '22', '19', '0', '1', '2017-08-21 15:25:45', '2017-08-21 15:25:45', 'abde9eb3-2b17-4461-abd0-2ed13579e334'),
 ('34', '29', '23', '10', '0', '1', '2017-08-21 15:35:00', '2017-08-21 15:35:00', 'd28e6dbb-423e-43e9-a528-d094b185e907'),
 ('35', '29', '23', '23', '0', '2', '2017-08-21 15:35:00', '2017-08-21 15:35:00', 'fb5e61e1-8e64-4911-be89-ffbb62b3ea5f'),
 ('36', '29', '23', '13', '0', '3', '2017-08-21 15:35:00', '2017-08-21 15:35:00', 'c0ba07ee-9fd4-437a-bf2e-9f1dc01dfdce'),
 ('37', '29', '24', '20', '0', '1', '2017-08-21 15:35:00', '2017-08-21 15:35:00', 'f2584ee8-9595-4067-98d0-479c93c4f027');



DROP TABLE IF EXISTS `craft_fieldlayouts`;


--
-- Schema for table `craft_fieldlayouts`
--
CREATE TABLE `craft_fieldlayouts` (
  `id` int(11) NOT NULL AUTO_INCREMENT,
  `type` varchar(150) COLLATE utf8_unicode_ci NOT NULL,
  `dateCreated` datetime NOT NULL,
  `dateUpdated` datetime NOT NULL,
  `uid` char(36) COLLATE utf8_unicode_ci NOT NULL DEFAULT '0',
  PRIMARY KEY (`id`),
  KEY `craft_fieldlayouts_type_idx` (`type`)
) ENGINE=InnoDB AUTO_INCREMENT=30 DEFAULT CHARSET=utf8 COLLATE=utf8_unicode_ci;

--
-- Data for table `craft_fieldlayouts`
--

INSERT INTO `craft_fieldlayouts` (`id`, `type`, `dateCreated`, `dateUpdated`, `uid`) VALUES
 ('1', 'Tag', '2017-08-17 17:12:32', '2017-08-17 17:12:32', '3c03ab3e-fd35-46aa-b5a2-0b96d701323f'),
 ('6', 'Asset', '2017-08-17 17:25:35', '2017-08-17 17:25:35', 'b50d2595-3454-4454-bd51-5df40d528c43'),
 ('7', 'Category', '2017-08-17 17:26:16', '2017-08-17 17:26:16', '9d50c433-47e9-4a23-b299-161a1428cc37'),
 ('8', 'Asset', '2017-08-17 17:29:20', '2017-08-17 17:29:20', 'ab85d57b-e015-45e7-b61f-7c00e8bf85c7'),
 ('22', 'Entry', '2017-08-17 18:08:31', '2017-08-17 18:08:31', 'c8d8ba2f-d7af-4f6f-b5c9-b6dd194699a5'),
 ('23', 'MatrixBlock', '2017-08-21 15:25:40', '2017-08-21 15:25:40', 'e2b78727-0526-4c49-92f3-106337c24469'),
 ('24', 'MatrixBlock', '2017-08-21 15:25:41', '2017-08-21 15:25:41', 'ef4f576f-961f-4152-9dbe-86c1614ddb47'),
 ('25', 'MatrixBlock', '2017-08-21 15:25:42', '2017-08-21 15:25:42', '30565170-5e8c-4376-b12d-13f4ee9efd68'),
 ('26', 'MatrixBlock', '2017-08-21 15:25:43', '2017-08-21 15:25:43', '34507cd7-90cf-438b-a57f-54cf4d589b1f'),
 ('27', 'MatrixBlock', '2017-08-21 15:25:44', '2017-08-21 15:25:44', 'f0de2236-f053-4944-a568-96c3ff901d76'),
 ('28', 'MatrixBlock', '2017-08-21 15:25:45', '2017-08-21 15:25:45', '9529a6fd-68fe-4a6b-997d-53991c6e7d95'),
 ('29', 'Entry', '2017-08-21 15:35:00', '2017-08-21 15:35:00', '0fe7b396-9f15-447c-8d18-d33131aa33dc');



DROP TABLE IF EXISTS `craft_fieldlayouttabs`;


--
-- Schema for table `craft_fieldlayouttabs`
--
CREATE TABLE `craft_fieldlayouttabs` (
  `id` int(11) NOT NULL AUTO_INCREMENT,
  `layoutId` int(11) NOT NULL,
  `name` varchar(255) COLLATE utf8_unicode_ci NOT NULL,
  `sortOrder` smallint(6) unsigned DEFAULT NULL,
  `dateCreated` datetime NOT NULL,
  `dateUpdated` datetime NOT NULL,
  `uid` char(36) COLLATE utf8_unicode_ci NOT NULL DEFAULT '0',
  PRIMARY KEY (`id`),
  KEY `craft_fieldlayouttabs_sortOrder_idx` (`sortOrder`),
  KEY `craft_fieldlayouttabs_layoutId_fk` (`layoutId`)
) ENGINE=InnoDB AUTO_INCREMENT=25 DEFAULT CHARSET=utf8 COLLATE=utf8_unicode_ci;

--
-- Data for table `craft_fieldlayouttabs`
--

INSERT INTO `craft_fieldlayouttabs` (`id`, `layoutId`, `name`, `sortOrder`, `dateCreated`, `dateUpdated`, `uid`) VALUES
 ('16', '22', 'Content', '1', '2017-08-17 18:08:31', '2017-08-17 18:08:31', '413bd047-c02a-467a-bfcd-99aec8ea282d'),
 ('17', '23', 'Content', '1', '2017-08-21 15:25:40', '2017-08-21 15:25:40', '869751db-5302-4aa1-a592-17f575d2e77b'),
 ('18', '24', 'Content', '1', '2017-08-21 15:25:41', '2017-08-21 15:25:41', 'fe34b5f7-3265-409c-9fc4-1bbd8cdffc5d'),
 ('19', '25', 'Content', '1', '2017-08-21 15:25:43', '2017-08-21 15:25:43', '1fd09c05-7f29-4819-8308-021fde1d9cc1'),
 ('20', '26', 'Content', '1', '2017-08-21 15:25:43', '2017-08-21 15:25:43', '806be404-debe-4087-8e26-35d46d40ab87'),
 ('21', '27', 'Content', '1', '2017-08-21 15:25:44', '2017-08-21 15:25:44', '8b775b0c-756f-4da5-8fe0-62007faf6c71'),
 ('22', '28', 'Content', '1', '2017-08-21 15:25:45', '2017-08-21 15:25:45', '183e7d3f-4de8-407c-8b76-b66548eb4503'),
 ('23', '29', 'Content', '1', '2017-08-21 15:35:00', '2017-08-21 15:35:00', '6bb44683-3017-4ea9-9ece-2c5c7ece7ff8'),
 ('24', '29', 'SEO', '2', '2017-08-21 15:35:00', '2017-08-21 15:35:00', '92bb0ac9-f5da-4d29-bec4-f2e0fcde2aac');



DROP TABLE IF EXISTS `craft_fields`;


--
-- Schema for table `craft_fields`
--
CREATE TABLE `craft_fields` (
  `id` int(11) NOT NULL AUTO_INCREMENT,
  `groupId` int(11) DEFAULT NULL,
  `name` varchar(255) COLLATE utf8_unicode_ci NOT NULL,
  `handle` varchar(58) COLLATE utf8_unicode_ci NOT NULL,
  `context` varchar(255) COLLATE utf8_unicode_ci NOT NULL DEFAULT 'global',
  `instructions` text COLLATE utf8_unicode_ci,
  `translatable` tinyint(1) unsigned NOT NULL DEFAULT '0',
  `type` varchar(150) COLLATE utf8_unicode_ci NOT NULL,
  `settings` text COLLATE utf8_unicode_ci,
  `dateCreated` datetime NOT NULL,
  `dateUpdated` datetime NOT NULL,
  `uid` char(36) COLLATE utf8_unicode_ci NOT NULL DEFAULT '0',
  PRIMARY KEY (`id`),
  UNIQUE KEY `craft_fields_handle_context_unq_idx` (`handle`,`context`),
  KEY `craft_fields_context_idx` (`context`),
  KEY `craft_fields_groupId_fk` (`groupId`)
) ENGINE=InnoDB AUTO_INCREMENT=24 DEFAULT CHARSET=utf8 COLLATE=utf8_unicode_ci;

--
-- Data for table `craft_fields`
--

INSERT INTO `craft_fields` (`id`, `groupId`, `name`, `handle`, `context`, `instructions`, `translatable`, `type`, `settings`, `dateCreated`, `dateUpdated`, `uid`) VALUES
 ('3', '2', 'Phone', 'phone', 'global', 'Click \"Add a row\" to add additional numbers (fax, toll-free, etc.)', '0', 'Table', '{\"columns\":{\"col1\":{\"heading\":\"Type\",\"handle\":\"type\",\"width\":\"50%\",\"type\":\"singleline\"},\"col2\":{\"heading\":\"Number\",\"handle\":\"number\",\"width\":\"50%\",\"type\":\"singleline\"}},\"defaults\":{\"row1\":{\"col1\":\"Phone\",\"col2\":\"\"}}}', '2017-08-17 17:22:19', '2017-08-17 17:27:46', '40a98398-2669-46ca-92b3-c04f0c0824ac'),
 ('4', '2', 'Website', 'website', 'global', 'Include http://', '0', 'PlainText', '{\"placeholder\":\"\",\"maxLength\":\"\",\"multiline\":\"\",\"initialRows\":\"4\"}', '2017-08-17 17:22:48', '2017-08-17 17:27:49', '2b945515-dceb-45fb-b6d3-e022a33ce1cc'),
 ('5', '2', 'Blurb', 'blurb', 'global', '', '0', 'RichText', '{\"configFile\":\"Standard.json\",\"availableAssetSources\":\"*\",\"availableTransforms\":\"*\",\"cleanupHtml\":\"1\",\"purifyHtml\":\"1\",\"purifierConfig\":\"\",\"columnType\":\"text\"}', '2017-08-17 17:23:18', '2017-08-17 17:27:40', '23ad8053-0971-4cc7-b989-d05c5385c801'),
 ('6', '2', 'Listing Page URL', 'listingPageUrl', 'global', 'The full URL of the listing page on VisitLakeCounty.org (include http://).', '0', 'PlainText', '{\"placeholder\":\"\",\"maxLength\":\"\",\"multiline\":\"\",\"initialRows\":\"4\"}', '2017-08-17 17:23:52', '2017-08-17 17:27:43', 'e0bd1f47-5018-46e8-a6f9-95a5b6636768'),
 ('7', '2', 'Category', 'category', 'global', '', '0', 'Categories', '{\"source\":\"group:1\",\"limit\":\"\",\"selectionLabel\":\"\"}', '2017-08-17 17:27:17', '2017-08-17 17:27:17', '3e24a7eb-a352-43cf-8cd0-290cf3acf23e'),
 ('8', '2', 'Image', 'image', 'global', 'Upload an image to go with this listing.', '0', 'Assets', '{\"useSingleFolder\":\"\",\"sources\":[\"folder:1\"],\"defaultUploadLocationSource\":\"1\",\"defaultUploadLocationSubpath\":\"\",\"singleUploadLocationSource\":\"1\",\"singleUploadLocationSubpath\":\"\",\"restrictFiles\":\"\",\"limit\":\"1\",\"viewMode\":\"large\",\"selectionLabel\":\"\"}', '2017-08-17 17:28:27', '2017-08-17 17:28:27', 'e29053d4-ca64-45eb-a30e-244fe005e9f5'),
 ('9', '2', 'Logo', 'logo', 'global', '', '0', 'Assets', '{\"useSingleFolder\":\"1\",\"sources\":\"*\",\"defaultUploadLocationSource\":\"1\",\"defaultUploadLocationSubpath\":\"\",\"singleUploadLocationSource\":\"2\",\"singleUploadLocationSubpath\":\"\",\"restrictFiles\":\"\",\"limit\":\"1\",\"viewMode\":\"large\",\"selectionLabel\":\"\"}', '2017-08-17 17:29:53', '2017-08-17 17:29:53', '5577055c-0195-4e79-a5de-1738b1638f45'),
 ('10', '1', 'Hero Image', 'heroImage', 'global', '', '0', 'Assets', '{\"useSingleFolder\":\"1\",\"sources\":[\"folder:1\"],\"defaultUploadLocationSource\":\"1\",\"defaultUploadLocationSubpath\":\"\",\"singleUploadLocationSource\":\"1\",\"singleUploadLocationSubpath\":\"\",\"restrictFiles\":\"\",\"limit\":\"1\",\"viewMode\":\"large\",\"selectionLabel\":\"\"}', '2017-08-17 17:36:00', '2017-08-17 17:36:00', '6a85962c-4a62-425e-91e9-95509fd099e1'),
 ('13', '1', 'Page Builder', 'pageBuilder', 'global', '', '0', 'Matrix', '{\"maxBlocks\":null}', '2017-08-17 17:40:42', '2017-08-21 15:25:39', 'ae418fd5-413a-4205-a369-a194e4cfdc69'),
 ('14', NULL, 'Copy', 'copy', 'matrixBlockType:1', '', '0', 'RichText', '{\"configFile\":\"Standard.json\",\"availableAssetSources\":\"*\",\"availableTransforms\":\"*\",\"cleanupHtml\":\"1\",\"purifyHtml\":\"1\",\"purifierConfig\":\"\",\"columnType\":\"text\"}', '2017-08-17 17:40:44', '2017-08-21 15:25:40', '0d713b5a-b2a9-4b8f-8029-916e0beafffd'),
 ('15', NULL, 'Subhead', 'subhead', 'matrixBlockType:2', '', '0', 'PlainText', '{\"placeholder\":\"\",\"maxLength\":\"\",\"multiline\":\"\",\"initialRows\":\"4\"}', '2017-08-17 17:41:36', '2017-08-21 15:25:41', '30a3cd04-a607-4499-bb88-e1ea5e986e16'),
 ('16', NULL, 'Image', 'image', 'matrixBlockType:3', '', '0', 'Assets', '{\"useSingleFolder\":\"1\",\"sources\":\"*\",\"defaultUploadLocationSource\":\"1\",\"defaultUploadLocationSubpath\":\"\",\"singleUploadLocationSource\":\"1\",\"singleUploadLocationSubpath\":\"\",\"restrictFiles\":\"\",\"limit\":\"1\",\"viewMode\":\"large\",\"selectionLabel\":\"\"}', '2017-08-17 17:41:37', '2017-08-21 15:25:42', 'd05bac4e-87ab-4c3c-a2a3-6f7219be0541'),
 ('17', NULL, 'Map', 'map', 'matrixBlockType:4', 'Choose a map', '0', 'ListingSection_ListingSection', NULL, '2017-08-17 17:43:27', '2017-08-21 15:25:43', '0016cd14-5f68-4842-b23f-27154bb3dd98'),
 ('18', NULL, 'Listing', 'listing', 'matrixBlockType:5', '', '0', 'ListingSection_ListingSection', NULL, '2017-08-17 17:43:28', '2017-08-21 15:25:44', '4abd1c97-1c8c-4b8e-ba5a-87e1621afa86'),
 ('19', NULL, 'Embed', 'embed', 'matrixBlockType:6', 'Use this to embed third party code (CrowdRiff, etc.).', '0', 'PlainText', '{\"placeholder\":\"\",\"maxLength\":\"\",\"multiline\":\"1\",\"initialRows\":\"4\"}', '2017-08-17 17:43:29', '2017-08-21 15:25:45', '540ffdf4-0bba-481e-b56b-61afc356fd57'),
 ('20', '3', 'SEO', 'seo', 'global', '', '0', 'Seo', '{\"titleSuffix\":\"| Visit Lake County, Ililnois\"}', '2017-08-17 17:47:14', '2017-08-17 17:47:14', '37130869-90d1-4fb8-b203-1cfcf779cd3f'),
 ('21', '2', 'Address', 'address', 'global', '', '0', 'SmartMap_Address', '{\"layout\":{\"street1\":{\"width\":100,\"enable\":1},\"street2\":{\"width\":100,\"enable\":1},\"city\":{\"width\":50,\"enable\":1},\"state\":{\"width\":15,\"enable\":1},\"zip\":{\"width\":35,\"enable\":1},\"country\":{\"width\":100,\"enable\":0},\"lat\":{\"width\":50,\"enable\":0},\"lng\":{\"width\":50,\"enable\":0}},\"dragPinDefault\":\"1\",\"dragPinLatitude\":\"42.3211585\",\"dragPinLongitude\":\"-88.1702788\",\"dragPinZoom\":\"4\"}', '2017-08-17 18:07:11', '2017-08-17 18:07:11', 'f124c96b-f2a1-466c-a5bf-0af8eaf62d68'),
 ('22', NULL, 'Caption', 'caption', 'matrixBlockType:3', '', '0', 'PlainText', '{\"placeholder\":\"\",\"maxLength\":\"\",\"multiline\":\"\",\"initialRows\":\"4\"}', '2017-08-21 15:25:42', '2017-08-21 15:25:42', '6deca159-acd2-41b7-b5fb-072a01bf28b5'),
 ('23', '1', 'Headline', 'headline', 'global', '', '0', 'PlainText', '{\"placeholder\":\"\",\"maxLength\":\"\",\"multiline\":\"\",\"initialRows\":\"4\"}', '2017-08-21 15:34:40', '2017-08-21 15:34:40', 'e166bddc-2809-4a28-8541-24e6ddfb437a');



DROP TABLE IF EXISTS `craft_focuspoint_focuspoints`;


--
-- Schema for table `craft_focuspoint_focuspoints`
--
CREATE TABLE `craft_focuspoint_focuspoints` (
  `id` int(11) NOT NULL AUTO_INCREMENT,
  `assetId` int(11) NOT NULL,
  `fieldId` int(11) NOT NULL,
  `focusX` varchar(255) COLLATE utf8_unicode_ci DEFAULT NULL,
  `focusY` varchar(255) COLLATE utf8_unicode_ci DEFAULT NULL,
  `sourceId` int(10) DEFAULT NULL,
  `dateCreated` datetime NOT NULL,
  `dateUpdated` datetime NOT NULL,
  `uid` char(36) COLLATE utf8_unicode_ci NOT NULL DEFAULT '0',
  PRIMARY KEY (`id`),
  KEY `craft_focuspoint_focuspoints_assetId_fk` (`assetId`),
  KEY `craft_focuspoint_focuspoints_fieldId_fk` (`fieldId`)
) ENGINE=InnoDB DEFAULT CHARSET=utf8 COLLATE=utf8_unicode_ci;

DROP TABLE IF EXISTS `craft_globalsets`;


--
-- Schema for table `craft_globalsets`
--
CREATE TABLE `craft_globalsets` (
  `id` int(11) NOT NULL,
  `name` varchar(255) COLLATE utf8_unicode_ci NOT NULL,
  `handle` varchar(255) COLLATE utf8_unicode_ci NOT NULL,
  `fieldLayoutId` int(10) DEFAULT NULL,
  `dateCreated` datetime NOT NULL,
  `dateUpdated` datetime NOT NULL,
  `uid` char(36) COLLATE utf8_unicode_ci NOT NULL DEFAULT '0',
  PRIMARY KEY (`id`),
  UNIQUE KEY `craft_globalsets_name_unq_idx` (`name`),
  UNIQUE KEY `craft_globalsets_handle_unq_idx` (`handle`),
  KEY `craft_globalsets_fieldLayoutId_fk` (`fieldLayoutId`)
) ENGINE=InnoDB DEFAULT CHARSET=utf8 COLLATE=utf8_unicode_ci;

DROP TABLE IF EXISTS `craft_info`;


--
-- Schema for table `craft_info`
--
CREATE TABLE `craft_info` (
  `id` int(11) NOT NULL AUTO_INCREMENT,
  `version` varchar(50) COLLATE utf8_unicode_ci NOT NULL,
  `schemaVersion` varchar(15) COLLATE utf8_unicode_ci NOT NULL,
  `edition` tinyint(1) unsigned NOT NULL DEFAULT '0',
  `siteName` varchar(100) COLLATE utf8_unicode_ci NOT NULL,
  `siteUrl` varchar(255) COLLATE utf8_unicode_ci NOT NULL,
  `timezone` varchar(30) COLLATE utf8_unicode_ci DEFAULT NULL,
  `on` tinyint(1) unsigned NOT NULL DEFAULT '0',
  `maintenance` tinyint(1) unsigned NOT NULL DEFAULT '0',
  `dateCreated` datetime NOT NULL,
  `dateUpdated` datetime NOT NULL,
  `uid` char(36) COLLATE utf8_unicode_ci NOT NULL DEFAULT '0',
  PRIMARY KEY (`id`)
) ENGINE=InnoDB AUTO_INCREMENT=2 DEFAULT CHARSET=utf8 COLLATE=utf8_unicode_ci;

--
-- Data for table `craft_info`
--

INSERT INTO `craft_info` (`id`, `version`, `schemaVersion`, `edition`, `siteName`, `siteUrl`, `timezone`, `on`, `maintenance`, `dateCreated`, `dateUpdated`, `uid`) VALUES
 ('1', '2.6.2989', '2.6.10', '0', 'Lake County Libation Trail', '{siteUrl}', 'America/Chicago', '1', '0', '2017-08-17 17:12:16', '2017-08-21 19:25:55', '34f70e29-3626-469b-9067-dac6304279d9');



DROP TABLE IF EXISTS `craft_locales`;


--
-- Schema for table `craft_locales`
--
CREATE TABLE `craft_locales` (
  `locale` char(12) COLLATE utf8_unicode_ci NOT NULL,
  `sortOrder` smallint(6) unsigned DEFAULT NULL,
  `dateCreated` datetime NOT NULL,
  `dateUpdated` datetime NOT NULL,
  `uid` char(36) COLLATE utf8_unicode_ci NOT NULL DEFAULT '0',
  PRIMARY KEY (`locale`),
  KEY `craft_locales_sortOrder_idx` (`sortOrder`)
) ENGINE=InnoDB DEFAULT CHARSET=utf8 COLLATE=utf8_unicode_ci;

--
-- Data for table `craft_locales`
--

INSERT INTO `craft_locales` (`locale`, `sortOrder`, `dateCreated`, `dateUpdated`, `uid`) VALUES
 ('en_us', '1', '2017-08-17 17:12:23', '2017-08-17 17:12:23', '0b54ceef-0ffc-477d-bab5-a752e1588748');



DROP TABLE IF EXISTS `craft_matrixblocks`;


--
-- Schema for table `craft_matrixblocks`
--
CREATE TABLE `craft_matrixblocks` (
  `id` int(11) NOT NULL,
  `ownerId` int(11) NOT NULL,
  `fieldId` int(11) NOT NULL,
  `typeId` int(11) DEFAULT NULL,
  `sortOrder` smallint(6) unsigned DEFAULT NULL,
  `ownerLocale` char(12) COLLATE utf8_unicode_ci DEFAULT NULL,
  `dateCreated` datetime NOT NULL,
  `dateUpdated` datetime NOT NULL,
  `uid` char(36) COLLATE utf8_unicode_ci NOT NULL DEFAULT '0',
  PRIMARY KEY (`id`),
  KEY `craft_matrixblocks_ownerId_idx` (`ownerId`),
  KEY `craft_matrixblocks_fieldId_idx` (`fieldId`),
  KEY `craft_matrixblocks_typeId_idx` (`typeId`),
  KEY `craft_matrixblocks_sortOrder_idx` (`sortOrder`),
  KEY `craft_matrixblocks_ownerLocale_fk` (`ownerLocale`)
) ENGINE=InnoDB DEFAULT CHARSET=utf8 COLLATE=utf8_unicode_ci;

--
-- Data for table `craft_matrixblocks`
--

INSERT INTO `craft_matrixblocks` (`id`, `ownerId`, `fieldId`, `typeId`, `sortOrder`, `ownerLocale`, `dateCreated`, `dateUpdated`, `uid`) VALUES
 ('4', '2', '13', '2', '1', NULL, '2017-08-17 18:10:14', '2017-08-21 15:43:55', '7652e5fd-544c-4bdd-b7e9-cd25cb699350'),
 ('5', '2', '13', '1', '2', NULL, '2017-08-17 18:10:15', '2017-08-21 15:43:56', '3c579b06-4183-4647-9607-77aa7269f9a1'),
 ('6', '2', '13', '4', '3', NULL, '2017-08-17 18:10:15', '2017-08-21 15:43:57', 'e80c31ec-c428-400a-9257-830d6dc47a2f'),
 ('7', '2', '13', '5', '4', NULL, '2017-08-17 18:10:16', '2017-08-21 15:43:58', '46e85cc2-efd6-4ad3-a204-56f2e5fd883c'),
 ('35', '2', '13', '3', '5', NULL, '2017-08-21 15:40:09', '2017-08-21 15:43:58', 'a1759a63-d50f-4a7c-be5d-ba4b53090014');



DROP TABLE IF EXISTS `craft_matrixblocktypes`;


--
-- Schema for table `craft_matrixblocktypes`
--
CREATE TABLE `craft_matrixblocktypes` (
  `id` int(11) NOT NULL AUTO_INCREMENT,
  `fieldId` int(11) NOT NULL,
  `fieldLayoutId` int(11) DEFAULT NULL,
  `name` varchar(255) COLLATE utf8_unicode_ci NOT NULL,
  `handle` varchar(255) COLLATE utf8_unicode_ci NOT NULL,
  `sortOrder` smallint(6) unsigned DEFAULT NULL,
  `dateCreated` datetime NOT NULL,
  `dateUpdated` datetime NOT NULL,
  `uid` char(36) COLLATE utf8_unicode_ci NOT NULL DEFAULT '0',
  PRIMARY KEY (`id`),
  UNIQUE KEY `craft_matrixblocktypes_name_fieldId_unq_idx` (`name`,`fieldId`),
  UNIQUE KEY `craft_matrixblocktypes_handle_fieldId_unq_idx` (`handle`,`fieldId`),
  KEY `craft_matrixblocktypes_fieldId_fk` (`fieldId`),
  KEY `craft_matrixblocktypes_fieldLayoutId_fk` (`fieldLayoutId`)
) ENGINE=InnoDB AUTO_INCREMENT=7 DEFAULT CHARSET=utf8 COLLATE=utf8_unicode_ci;

--
-- Data for table `craft_matrixblocktypes`
--

INSERT INTO `craft_matrixblocktypes` (`id`, `fieldId`, `fieldLayoutId`, `name`, `handle`, `sortOrder`, `dateCreated`, `dateUpdated`, `uid`) VALUES
 ('1', '13', '23', 'Copy', 'copy', '1', '2017-08-17 17:40:43', '2017-08-21 15:25:40', '45964ee6-065b-4a03-8d71-fe6f112397da'),
 ('2', '13', '24', 'Subhead', 'subhead', '2', '2017-08-17 17:41:36', '2017-08-21 15:25:41', 'da25428c-d975-4754-ac09-60927d802bab'),
 ('3', '13', '25', 'Image', 'image', '3', '2017-08-17 17:41:37', '2017-08-21 15:25:43', '8c19549b-aae4-4ae7-a65c-d94f7f56f90f'),
 ('4', '13', '26', 'Map', 'map', '4', '2017-08-17 17:43:26', '2017-08-21 15:25:44', '2f92b76d-0a3c-425d-b6b1-5dd08e765bb8'),
 ('5', '13', '27', 'Listing', 'listing', '5', '2017-08-17 17:43:27', '2017-08-21 15:25:44', 'a07589ae-a692-46fd-9847-1a3da3123a8f'),
 ('6', '13', '28', 'Embed Code', 'embedCode', '6', '2017-08-17 17:43:28', '2017-08-21 15:25:45', '4fde79d9-318e-48df-8919-7a3ee2ad7b5a');



DROP TABLE IF EXISTS `craft_matrixcontent_pagebuilder`;


--
-- Schema for table `craft_matrixcontent_pagebuilder`
--
CREATE TABLE `craft_matrixcontent_pagebuilder` (
  `id` int(11) NOT NULL AUTO_INCREMENT,
  `elementId` int(11) NOT NULL,
  `locale` char(12) COLLATE utf8_unicode_ci NOT NULL,
  `field_copy_copy` text COLLATE utf8_unicode_ci,
  `field_subhead_subhead` text COLLATE utf8_unicode_ci,
  `field_map_map` varchar(255) COLLATE utf8_unicode_ci DEFAULT NULL,
  `field_listing_listing` varchar(255) COLLATE utf8_unicode_ci DEFAULT NULL,
  `field_embedCode_embed` text COLLATE utf8_unicode_ci,
  `field_image_caption` text COLLATE utf8_unicode_ci,
  `dateCreated` datetime NOT NULL,
  `dateUpdated` datetime NOT NULL,
  `uid` char(36) COLLATE utf8_unicode_ci NOT NULL DEFAULT '0',
  PRIMARY KEY (`id`),
  UNIQUE KEY `craft_matrixcontent_pagebuilder_elementId_locale_unq_idx` (`elementId`,`locale`),
  KEY `craft_matrixcontent_pagebuilder_locale_fk` (`locale`)
) ENGINE=InnoDB AUTO_INCREMENT=7 DEFAULT CHARSET=utf8 COLLATE=utf8_unicode_ci;

--
-- Data for table `craft_matrixcontent_pagebuilder`
--

INSERT INTO `craft_matrixcontent_pagebuilder` (`id`, `elementId`, `locale`, `field_copy_copy`, `field_subhead_subhead`, `field_map_map`, `field_listing_listing`, `field_embedCode_embed`, `field_image_caption`, `dateCreated`, `dateUpdated`, `uid`) VALUES
 ('1', '4', 'en_us', NULL, 'We Make Our Own', NULL, NULL, NULL, NULL, '2017-08-17 18:10:13', '2017-08-21 15:43:54', '4aaa2219-15a5-42a3-9979-d1f52ca2c227'),
 ('2', '5', 'en_us', '<p>From beer and wine to vodka and whiskey, our locally grown, crafted and distilled adult beverages are designed to dazzle and educate the most discerning tastes.</p>\n<p>Gin and vodka aficionados can learn the secrets of distilling at North Shore Distillery in Green Oaks. They offer tours, tastings and specialty cocktails.</p>\n<p>Serious beer fans will appreciate the variety of choices among our numerous craft breweries and pubs. Try the offerings at Mickey Finn\'s, the first established brewery in Lake County, Side Lot Brewing Co. in Wauconda or Half Day Brewing in Lincolnshire.</p>\n<p>Wine lovers will marvel at local vintages casked straight from Lake County vineyards. Delight in flights of red and white at the tasting rooms of Vigneto del Bino Vineyard in Antioch, Valentino Vineyards &amp; Winery in Long Grove and Lynfred Winery in Wheeling.</p>', NULL, NULL, NULL, NULL, NULL, '2017-08-17 18:10:14', '2017-08-21 15:43:55', 'e481d1e9-2388-4d1d-aead-042aea532e7e'),
 ('3', '6', 'en_us', NULL, NULL, 'libationTrail', NULL, NULL, NULL, '2017-08-17 18:10:15', '2017-08-21 15:43:56', '10ef581b-931a-43f3-ad80-70d37f60c8ac'),
 ('4', '7', 'en_us', NULL, NULL, NULL, 'libationTrail', NULL, NULL, '2017-08-17 18:10:15', '2017-08-21 15:43:57', '630bbb84-3a97-49a5-9a18-73a85783fcba'),
 ('5', '35', 'en_us', NULL, NULL, NULL, NULL, NULL, 'This is a sample caption.', '2017-08-21 15:40:08', '2017-08-21 15:43:58', 'a324537b-3934-49dc-b04c-73b59b166a5d');



DROP TABLE IF EXISTS `craft_migrations`;


--
-- Schema for table `craft_migrations`
--
CREATE TABLE `craft_migrations` (
  `id` int(11) NOT NULL AUTO_INCREMENT,
  `pluginId` int(11) DEFAULT NULL,
  `version` varchar(255) COLLATE utf8_unicode_ci NOT NULL,
  `applyTime` datetime NOT NULL,
  `dateCreated` datetime NOT NULL,
  `dateUpdated` datetime NOT NULL,
  `uid` char(36) COLLATE utf8_unicode_ci NOT NULL DEFAULT '0',
  PRIMARY KEY (`id`),
  UNIQUE KEY `craft_migrations_version_unq_idx` (`version`),
  KEY `craft_migrations_pluginId_fk` (`pluginId`)
) ENGINE=InnoDB AUTO_INCREMENT=49 DEFAULT CHARSET=utf8 COLLATE=utf8_unicode_ci;

--
-- Data for table `craft_migrations`
--

INSERT INTO `craft_migrations` (`id`, `pluginId`, `version`, `applyTime`, `dateCreated`, `dateUpdated`, `uid`) VALUES
 ('1', NULL, 'm000000_000000_base', '2017-08-17 17:12:17', '2017-08-17 17:12:18', '2017-08-17 17:12:18', '67887b6b-598b-44d8-8d8f-2d07d2f43a91'),
 ('2', NULL, 'm140730_000001_add_filename_and_format_to_transformindex', '2017-08-17 17:12:17', '2017-08-17 17:12:18', '2017-08-17 17:12:18', 'f0b0da18-1663-44fb-8cb4-61fa69c6f221'),
 ('3', NULL, 'm140815_000001_add_format_to_transforms', '2017-08-17 17:12:17', '2017-08-17 17:12:18', '2017-08-17 17:12:18', '02c833dd-4974-451b-9d80-75c8c9dc6ff5'),
 ('4', NULL, 'm140822_000001_allow_more_than_128_items_per_field', '2017-08-17 17:12:17', '2017-08-17 17:12:18', '2017-08-17 17:12:18', '0c320ba4-17ff-4e7a-b94c-ca289c13ce2d'),
 ('5', NULL, 'm140829_000001_single_title_formats', '2017-08-17 17:12:17', '2017-08-17 17:12:18', '2017-08-17 17:12:18', '6cafae0c-e7e1-4260-b31f-4349b8dead92'),
 ('6', NULL, 'm140831_000001_extended_cache_keys', '2017-08-17 17:12:17', '2017-08-17 17:12:18', '2017-08-17 17:12:18', 'e2d46318-93af-4ea4-a0e0-67a49e73cd1a'),
 ('7', NULL, 'm140922_000001_delete_orphaned_matrix_blocks', '2017-08-17 17:12:17', '2017-08-17 17:12:18', '2017-08-17 17:12:18', 'ffb56bf9-e8fc-4ec3-8688-7f6e4187d8a3'),
 ('8', NULL, 'm141008_000001_elements_index_tune', '2017-08-17 17:12:17', '2017-08-17 17:12:19', '2017-08-17 17:12:19', '7444f0a5-a6f1-406a-bb75-93e6e2d6c463'),
 ('9', NULL, 'm141009_000001_assets_source_handle', '2017-08-17 17:12:17', '2017-08-17 17:12:19', '2017-08-17 17:12:19', 'f3c5e387-ffb9-4c2d-836a-fd82fb907091'),
 ('10', NULL, 'm141024_000001_field_layout_tabs', '2017-08-17 17:12:17', '2017-08-17 17:12:19', '2017-08-17 17:12:19', 'e1751648-fe4c-41c5-9fb5-f65c2743f603'),
 ('11', NULL, 'm141030_000000_plugin_schema_versions', '2017-08-17 17:12:17', '2017-08-17 17:12:19', '2017-08-17 17:12:19', '88c57a38-bd24-449c-a022-c863e63aa2fd'),
 ('12', NULL, 'm141030_000001_drop_structure_move_permission', '2017-08-17 17:12:17', '2017-08-17 17:12:19', '2017-08-17 17:12:19', '69d0f618-8501-493c-9804-0f62fd6ef8b7'),
 ('13', NULL, 'm141103_000001_tag_titles', '2017-08-17 17:12:17', '2017-08-17 17:12:19', '2017-08-17 17:12:19', '6e93a604-df16-4b32-8576-597ace876a42'),
 ('14', NULL, 'm141109_000001_user_status_shuffle', '2017-08-17 17:12:17', '2017-08-17 17:12:19', '2017-08-17 17:12:19', '331d14d5-5839-4505-9eea-43de9c6f25d6'),
 ('15', NULL, 'm141126_000001_user_week_start_day', '2017-08-17 17:12:17', '2017-08-17 17:12:19', '2017-08-17 17:12:19', '21dc956e-1bc2-40f3-b153-a51276d643da'),
 ('16', NULL, 'm150210_000001_adjust_user_photo_size', '2017-08-17 17:12:17', '2017-08-17 17:12:20', '2017-08-17 17:12:20', '54c02271-166c-4b42-bc51-71e44a33f9da'),
 ('17', NULL, 'm150724_000001_adjust_quality_settings', '2017-08-17 17:12:17', '2017-08-17 17:12:20', '2017-08-17 17:12:20', 'd202c6a4-8137-47cc-aac7-40a830e3b5ca'),
 ('18', NULL, 'm150827_000000_element_index_settings', '2017-08-17 17:12:17', '2017-08-17 17:12:20', '2017-08-17 17:12:20', '113d4f42-ebb2-4e52-9e45-7a55f8e67a6f'),
 ('19', NULL, 'm150918_000001_add_colspan_to_widgets', '2017-08-17 17:12:17', '2017-08-17 17:12:20', '2017-08-17 17:12:20', 'c3b07450-666c-4eb7-8cf3-f7e0e3cde2ff'),
 ('20', NULL, 'm151007_000000_clear_asset_caches', '2017-08-17 17:12:17', '2017-08-17 17:12:20', '2017-08-17 17:12:20', 'dd8b61f4-9ddc-4116-a5d7-98ca9d0c0d15'),
 ('21', NULL, 'm151109_000000_text_url_formats', '2017-08-17 17:12:17', '2017-08-17 17:12:20', '2017-08-17 17:12:20', '4239846e-bf0d-425b-a464-db3df72c2df3'),
 ('22', NULL, 'm151110_000000_move_logo', '2017-08-17 17:12:17', '2017-08-17 17:12:20', '2017-08-17 17:12:20', 'e7524a41-74a3-47a4-b090-cc76a1850e04'),
 ('23', NULL, 'm151117_000000_adjust_image_widthheight', '2017-08-17 17:12:17', '2017-08-17 17:12:20', '2017-08-17 17:12:20', 'bd61c8a1-68c8-4d40-8b94-4e4976ff1365'),
 ('24', NULL, 'm151127_000000_clear_license_key_status', '2017-08-17 17:12:17', '2017-08-17 17:12:21', '2017-08-17 17:12:21', 'cfb79386-0ceb-4d5f-bdad-f8f53df588d2'),
 ('25', NULL, 'm151127_000000_plugin_license_keys', '2017-08-17 17:12:17', '2017-08-17 17:12:21', '2017-08-17 17:12:21', '3d339032-6e8b-4881-8139-73a15604596c'),
 ('26', NULL, 'm151130_000000_update_pt_widget_feeds', '2017-08-17 17:12:17', '2017-08-17 17:12:21', '2017-08-17 17:12:21', '605c07f1-da9f-4ca2-888e-239162789e59'),
 ('27', NULL, 'm160114_000000_asset_sources_public_url_default_true', '2017-08-17 17:12:17', '2017-08-17 17:12:21', '2017-08-17 17:12:21', 'd1c8ba3e-408c-42e1-adcb-808b211ea300'),
 ('28', NULL, 'm160223_000000_sortorder_to_smallint', '2017-08-17 17:12:17', '2017-08-17 17:12:21', '2017-08-17 17:12:21', 'e0333a56-37fd-4b05-b577-f1a6c8f9ac46'),
 ('29', NULL, 'm160229_000000_set_default_entry_statuses', '2017-08-17 17:12:17', '2017-08-17 17:12:21', '2017-08-17 17:12:21', '6f944766-dc4a-4e62-9511-4b77cdd09889'),
 ('30', NULL, 'm160304_000000_client_permissions', '2017-08-17 17:12:17', '2017-08-17 17:12:21', '2017-08-17 17:12:21', '6cf0d042-ebde-4fb8-be52-249e718c49ba'),
 ('31', NULL, 'm160322_000000_asset_filesize', '2017-08-17 17:12:17', '2017-08-17 17:12:21', '2017-08-17 17:12:21', '5e61237f-d60b-439e-8e29-f2eea105f83d'),
 ('32', NULL, 'm160503_000000_orphaned_fieldlayouts', '2017-08-17 17:12:17', '2017-08-17 17:12:21', '2017-08-17 17:12:21', 'e7c4d7f8-ceb5-410a-addb-801820b6ee70'),
 ('33', NULL, 'm160510_000000_tasksettings', '2017-08-17 17:12:17', '2017-08-17 17:12:22', '2017-08-17 17:12:22', 'd25d9b79-9cdb-43e8-aa31-a272954646a8'),
 ('34', NULL, 'm160829_000000_pending_user_content_cleanup', '2017-08-17 17:12:17', '2017-08-17 17:12:22', '2017-08-17 17:12:22', 'ada9fa05-894c-4417-8491-81434afa7ed8'),
 ('35', NULL, 'm160830_000000_asset_index_uri_increase', '2017-08-17 17:12:17', '2017-08-17 17:12:22', '2017-08-17 17:12:22', '61a242ba-9584-4aa1-a8a5-44b5c21cd2a2'),
 ('36', NULL, 'm160919_000000_usergroup_handle_title_unique', '2017-08-17 17:12:17', '2017-08-17 17:12:22', '2017-08-17 17:12:22', '2335adfd-b7fa-41d7-8797-a262a00bc459'),
 ('37', NULL, 'm161108_000000_new_version_format', '2017-08-17 17:12:17', '2017-08-17 17:12:22', '2017-08-17 17:12:22', 'c94366e3-4723-42ad-89fd-a9db5c0f1735'),
 ('38', NULL, 'm161109_000000_index_shuffle', '2017-08-17 17:12:17', '2017-08-17 17:12:22', '2017-08-17 17:12:22', '885342da-908e-469c-a4a3-9c09d088d480'),
 ('39', NULL, 'm170612_000000_route_index_shuffle', '2017-08-17 17:12:17', '2017-08-17 17:12:22', '2017-08-17 17:12:22', 'd65cf821-549d-4449-ba0b-2f1958b7eb8d'),
 ('40', '2', 'm160809_101113_seo_CreateRedirectsAndSitemapsTables', '2017-08-17 17:46:03', '2017-08-17 17:46:03', '2017-08-17 17:46:03', '8b886473-8a47-402d-86c7-07f36c517459'),
 ('41', '2', 'm160809_102830_seo_AddEnabledColumnToSitemapsTable', '2017-08-17 17:46:03', '2017-08-17 17:46:03', '2017-08-17 17:46:03', 'f469843b-b2d2-4f19-b98c-67bf36a83cb3'),
 ('42', '2', 'm160809_144009_seo_AddProductTypeToSitemapGroupColumn', '2017-08-17 17:46:03', '2017-08-17 17:46:03', '2017-08-17 17:46:03', '620faa4d-9e07-45de-84fd-959756c20178'),
 ('43', '4', 'm160318_182632_focuspoint_Refactoring', '2017-08-17 17:54:11', '2017-08-17 17:54:11', '2017-08-17 17:54:11', '43353d68-8ba0-42c4-8edf-b36926388809'),
 ('44', '5', 'm140330_000000_smartMap_addCountrySubfield', '2017-08-17 18:05:28', '2017-08-17 18:05:28', '2017-08-17 18:05:28', '61de0b83-e38b-4a32-85d3-e01b3a62bc25'),
 ('45', '5', 'm140330_000001_smartMap_autofillCountryForExistingAddresses', '2017-08-17 18:05:28', '2017-08-17 18:05:28', '2017-08-17 18:05:28', '73e45be0-f0cf-43bf-b569-f1b03aa04057'),
 ('46', '5', 'm140811_000001_smartMap_changeHandleToFieldId', '2017-08-17 18:05:28', '2017-08-17 18:05:28', '2017-08-17 18:05:28', '299d0758-8cc2-4654-8672-33ac3992098a'),
 ('47', '5', 'm150329_000000_smartMap_splitGoogleApiKeys', '2017-08-17 18:05:28', '2017-08-17 18:05:28', '2017-08-17 18:05:28', 'ada42f18-1d7a-4c35-b395-f78cec1826c8'),
 ('48', '5', 'm150331_000000_smartMap_reorganizeGeolocationOptions', '2017-08-17 18:05:28', '2017-08-17 18:05:28', '2017-08-17 18:05:28', '68b0a6e5-cb39-484f-9b95-442a5bb86926');



DROP TABLE IF EXISTS `craft_plugins`;


--
-- Schema for table `craft_plugins`
--
CREATE TABLE `craft_plugins` (
  `id` int(11) NOT NULL AUTO_INCREMENT,
  `class` varchar(150) COLLATE utf8_unicode_ci NOT NULL,
  `version` varchar(15) COLLATE utf8_unicode_ci NOT NULL,
  `schemaVersion` varchar(15) COLLATE utf8_unicode_ci DEFAULT NULL,
  `licenseKey` char(24) COLLATE utf8_unicode_ci DEFAULT NULL,
  `licenseKeyStatus` enum('valid','invalid','mismatched','unknown') COLLATE utf8_unicode_ci NOT NULL DEFAULT 'unknown',
  `enabled` tinyint(1) unsigned NOT NULL DEFAULT '0',
  `settings` text COLLATE utf8_unicode_ci,
  `installDate` datetime NOT NULL,
  `dateCreated` datetime NOT NULL,
  `dateUpdated` datetime NOT NULL,
  `uid` char(36) COLLATE utf8_unicode_ci NOT NULL DEFAULT '0',
  PRIMARY KEY (`id`)
) ENGINE=InnoDB AUTO_INCREMENT=6 DEFAULT CHARSET=utf8 COLLATE=utf8_unicode_ci;

--
-- Data for table `craft_plugins`
--

INSERT INTO `craft_plugins` (`id`, `class`, `version`, `schemaVersion`, `licenseKey`, `licenseKeyStatus`, `enabled`, `settings`, `installDate`, `dateCreated`, `dateUpdated`, `uid`) VALUES
 ('1', 'ListingSection', '1.0', NULL, NULL, 'unknown', '1', NULL, '2017-08-17 17:38:13', '2017-08-17 17:38:13', '2017-08-21 15:08:21', 'c5e76449-fc70-4a2a-9070-7cf8979a37fc'),
 ('2', 'Seo', '1.4.5', '0.0.12', NULL, 'unknown', '1', '{\"sitemapName\":\"sitemap\",\"sitemapLimit\":\"1000\",\"publicPath\":null,\"titleSuffix\":\"| Visit Lake County, Ililnois\"}', '2017-08-17 17:46:02', '2017-08-17 17:46:02', '2017-08-21 15:08:21', '144615e3-fbf2-4543-b2e9-38be024da606'),
 ('3', 'Typogrify', '1.0.1', NULL, NULL, 'unknown', '1', NULL, '2017-08-17 17:54:07', '2017-08-17 17:54:07', '2017-08-21 15:08:21', '190ac4fe-fc86-4ebf-a4e5-b0d3622491f0'),
 ('4', 'FocusPoint', '1.1.1', '1.0.1', NULL, 'unknown', '1', NULL, '2017-08-17 17:54:10', '2017-08-17 17:54:10', '2017-08-21 15:08:21', 'e57db8df-f9b0-427d-99eb-ee3498b5600a'),
 ('5', 'SmartMap', '2.4.0', '2.3.0', NULL, 'unknown', '1', NULL, '2017-08-17 18:05:28', '2017-08-17 18:05:28', '2017-08-21 15:08:21', '04a05fa2-b0f6-4fc4-ae1d-f31cffed39cc');



DROP TABLE IF EXISTS `craft_rackspaceaccess`;


--
-- Schema for table `craft_rackspaceaccess`
--
CREATE TABLE `craft_rackspaceaccess` (
  `id` int(11) NOT NULL AUTO_INCREMENT,
  `connectionKey` varchar(255) COLLATE utf8_unicode_ci NOT NULL,
  `token` varchar(255) COLLATE utf8_unicode_ci NOT NULL,
  `storageUrl` varchar(255) COLLATE utf8_unicode_ci NOT NULL,
  `cdnUrl` varchar(255) COLLATE utf8_unicode_ci NOT NULL,
  `dateCreated` datetime NOT NULL,
  `dateUpdated` datetime NOT NULL,
  `uid` char(36) COLLATE utf8_unicode_ci NOT NULL DEFAULT '0',
  PRIMARY KEY (`id`),
  UNIQUE KEY `craft_rackspaceaccess_connectionKey_unq_idx` (`connectionKey`)
) ENGINE=InnoDB DEFAULT CHARSET=utf8 COLLATE=utf8_unicode_ci;

DROP TABLE IF EXISTS `craft_relations`;


--
-- Schema for table `craft_relations`
--
CREATE TABLE `craft_relations` (
  `id` int(11) NOT NULL AUTO_INCREMENT,
  `fieldId` int(11) NOT NULL,
  `sourceId` int(11) NOT NULL,
  `sourceLocale` char(12) COLLATE utf8_unicode_ci DEFAULT NULL,
  `targetId` int(11) NOT NULL,
  `sortOrder` smallint(6) DEFAULT NULL,
  `dateCreated` datetime NOT NULL,
  `dateUpdated` datetime NOT NULL,
  `uid` char(36) COLLATE utf8_unicode_ci NOT NULL DEFAULT '0',
  PRIMARY KEY (`id`),
  UNIQUE KEY `craft_relations_fieldId_sourceId_sourceLocale_targetId_unq_idx` (`fieldId`,`sourceId`,`sourceLocale`,`targetId`),
  KEY `craft_relations_sourceId_fk` (`sourceId`),
  KEY `craft_relations_sourceLocale_fk` (`sourceLocale`),
  KEY `craft_relations_targetId_fk` (`targetId`)
) ENGINE=InnoDB AUTO_INCREMENT=30 DEFAULT CHARSET=utf8 COLLATE=utf8_unicode_ci;

--
-- Data for table `craft_relations`
--

INSERT INTO `craft_relations` (`id`, `fieldId`, `sourceId`, `sourceLocale`, `targetId`, `sortOrder`, `dateCreated`, `dateUpdated`, `uid`) VALUES
 ('3', '7', '13', NULL, '8', '1', '2017-08-17 18:15:32', '2017-08-17 18:15:32', '0cba18ec-a16c-49fc-8b80-87a877cee7f1'),
 ('4', '8', '13', NULL, '11', '1', '2017-08-17 18:15:33', '2017-08-17 18:15:33', 'e7346ea7-03aa-4704-a386-db321ca8a7f1'),
 ('5', '9', '13', NULL, '12', '1', '2017-08-17 18:15:33', '2017-08-17 18:15:33', 'cc8fbc2b-e709-4a43-b7e0-37fe17db262b'),
 ('6', '7', '10', NULL, '8', '1', '2017-08-17 18:15:50', '2017-08-17 18:15:50', 'fc75c192-01e4-4e50-a97a-ea7fffa637b8'),
 ('7', '8', '10', NULL, '9', '1', '2017-08-17 18:15:51', '2017-08-17 18:15:51', '5bf215ba-4d86-40b1-8365-71f8ef09fcbb'),
 ('8', '7', '16', NULL, '8', '1', '2017-08-17 18:19:48', '2017-08-17 18:19:48', 'bdc8bdaa-3468-4880-8062-bcd1fa23d018'),
 ('9', '8', '16', NULL, '15', '1', '2017-08-17 18:19:48', '2017-08-17 18:19:48', '97f8020a-d301-4c1a-946b-8e291ee19e7f'),
 ('10', '9', '16', NULL, '14', '1', '2017-08-17 18:19:49', '2017-08-17 18:19:49', 'b462d22e-0563-45a2-b61b-39a4176346b8'),
 ('11', '7', '19', NULL, '8', '1', '2017-08-17 18:21:30', '2017-08-17 18:21:30', 'a6185b7d-b4a1-433b-8da2-2df465c49401'),
 ('12', '8', '19', NULL, '17', '1', '2017-08-17 18:21:31', '2017-08-17 18:21:31', 'cf8b7186-b641-4c98-af84-86aa3a1b799a'),
 ('13', '9', '19', NULL, '18', '1', '2017-08-17 18:21:31', '2017-08-17 18:21:31', '801e21aa-af0f-4128-97a9-3b7a4947950f'),
 ('14', '7', '23', NULL, '22', '1', '2017-08-17 18:25:06', '2017-08-17 18:25:06', '625c3a9e-88f2-45f7-9959-87a485ca0fd7'),
 ('15', '8', '23', NULL, '21', '1', '2017-08-17 18:25:06', '2017-08-17 18:25:06', '63d7bedf-6133-4c59-9a60-1f37ba34085a'),
 ('16', '9', '23', NULL, '20', '1', '2017-08-17 18:25:06', '2017-08-17 18:25:06', '4d32fba7-0d9f-4977-96fa-dcbd5b519c69'),
 ('20', '7', '30', NULL, '24', '1', '2017-08-17 18:28:17', '2017-08-17 18:28:17', '584eabbe-18f7-42aa-a575-ce52a0445d40'),
 ('21', '8', '30', NULL, '28', '1', '2017-08-17 18:28:17', '2017-08-17 18:28:17', '6e21a628-2278-44e4-a4eb-46daa9ff8189'),
 ('22', '9', '30', NULL, '29', '1', '2017-08-17 18:28:17', '2017-08-17 18:28:17', 'd613c16b-da9a-44b5-9e3f-4c64390cc2ca'),
 ('23', '8', '33', NULL, '31', '1', '2017-08-17 18:29:32', '2017-08-17 18:29:32', 'dd31a498-10b4-4f43-9941-5526c5e540ef'),
 ('24', '9', '33', NULL, '32', '1', '2017-08-17 18:29:32', '2017-08-17 18:29:32', 'f20c5717-2432-4b84-8f54-0134e78155d2'),
 ('26', '16', '35', NULL, '34', '1', '2017-08-21 15:43:58', '2017-08-21 15:43:58', 'd0fceb02-30c2-4864-93db-8e974c097d6c'),
 ('27', '7', '27', NULL, '24', '1', '2017-08-21 19:27:12', '2017-08-21 19:27:12', '1406d522-6074-48c3-949e-4768a11933a1'),
 ('28', '8', '27', NULL, '25', '1', '2017-08-21 19:27:12', '2017-08-21 19:27:12', 'd736b0f3-3601-44fe-9e8c-8f40a3869b57'),
 ('29', '9', '27', NULL, '26', '1', '2017-08-21 19:27:13', '2017-08-21 19:27:13', '114a3334-582f-4b7e-a0f7-ff93a7ed5d04');



DROP TABLE IF EXISTS `craft_routes`;


--
-- Schema for table `craft_routes`
--
CREATE TABLE `craft_routes` (
  `id` int(11) NOT NULL AUTO_INCREMENT,
  `locale` char(12) COLLATE utf8_unicode_ci DEFAULT NULL,
  `urlParts` varchar(255) COLLATE utf8_unicode_ci NOT NULL,
  `urlPattern` varchar(255) COLLATE utf8_unicode_ci NOT NULL,
  `template` varchar(255) COLLATE utf8_unicode_ci NOT NULL,
  `sortOrder` smallint(6) unsigned DEFAULT NULL,
  `dateCreated` datetime NOT NULL,
  `dateUpdated` datetime NOT NULL,
  `uid` char(36) COLLATE utf8_unicode_ci NOT NULL DEFAULT '0',
  PRIMARY KEY (`id`),
  KEY `craft_routes_locale_idx` (`locale`),
  KEY `craft_routes_urlPattern_idx` (`urlPattern`)
) ENGINE=InnoDB DEFAULT CHARSET=utf8 COLLATE=utf8_unicode_ci;

DROP TABLE IF EXISTS `craft_searchindex`;


--
-- Schema for table `craft_searchindex`
--
CREATE TABLE `craft_searchindex` (
  `elementId` int(11) NOT NULL,
  `attribute` varchar(25) COLLATE utf8_unicode_ci NOT NULL,
  `fieldId` int(11) NOT NULL,
  `locale` char(12) COLLATE utf8_unicode_ci NOT NULL,
  `keywords` text COLLATE utf8_unicode_ci NOT NULL,
  PRIMARY KEY (`elementId`,`attribute`,`fieldId`,`locale`),
  FULLTEXT KEY `craft_searchindex_keywords_idx` (`keywords`)
) ENGINE=MyISAM DEFAULT CHARSET=utf8 COLLATE=utf8_unicode_ci;

--
-- Data for table `craft_searchindex`
--

INSERT INTO `craft_searchindex` (`elementId`, `attribute`, `fieldId`, `locale`, `keywords`) VALUES
 ('1', 'username', '0', 'en_us', ' dhdadmin '),
 ('1', 'firstname', '0', 'en_us', ''),
 ('1', 'lastname', '0', 'en_us', ''),
 ('1', 'fullname', '0', 'en_us', ''),
 ('1', 'email', '0', 'en_us', ' natd dhdchicago com '),
 ('1', 'slug', '0', 'en_us', ''),
 ('2', 'slug', '0', 'en_us', ' homepage '),
 ('2', 'title', '0', 'en_us', ' lake county libation trail '),
 ('2', 'field', '1', 'en_us', ' it s true this site doesn t have a whole lot of content yet but don t worry our web developers have just installed the cms and they re setting things up for the content editors this very moment soon libationtrail dev will be an oasis of fresh perspectives sharp analyses and astute opinions that will keep you coming back again and again '),
 ('2', 'field', '10', 'en_us', ''),
 ('2', 'field', '13', 'en_us', ' we make our own from beer and wine to vodka and whiskey our locally grown crafted and distilled adult beverages are designed to dazzle and educate the most discerning tastes gin and vodka aficionados can learn the secrets of distilling at north shore distillery in green oaks they offer tours tastings and specialty cocktails serious beer fans will appreciate the variety of choices among our numerous craft breweries and pubs try the offerings at mickey finn s the first established brewery in lake county side lot brewing co in wauconda or half day brewing in lincolnshire wine lovers will marvel at local vintages casked straight from lake county vineyards delight in flights of red and white at the tasting rooms of vigneto del bino vineyard in antioch valentino vineyards winery in long grove and lynfred winery in wheeling libationtrail libationtrail this is a sample caption lt web banner '),
 ('2', 'field', '20', 'en_us', ' lake county libation trail welcome to libationtrail dev visit lake county ililnois '),
 ('4', 'field', '15', 'en_us', ' we make our own '),
 ('4', 'slug', '0', 'en_us', ''),
 ('5', 'field', '14', 'en_us', ' from beer and wine to vodka and whiskey our locally grown crafted and distilled adult beverages are designed to dazzle and educate the most discerning tastes gin and vodka aficionados can learn the secrets of distilling at north shore distillery in green oaks they offer tours tastings and specialty cocktails serious beer fans will appreciate the variety of choices among our numerous craft breweries and pubs try the offerings at mickey finn s the first established brewery in lake county side lot brewing co in wauconda or half day brewing in lincolnshire wine lovers will marvel at local vintages casked straight from lake county vineyards delight in flights of red and white at the tasting rooms of vigneto del bino vineyard in antioch valentino vineyards winery in long grove and lynfred winery in wheeling '),
 ('5', 'slug', '0', 'en_us', ''),
 ('6', 'field', '17', 'en_us', ' libationtrail '),
 ('6', 'slug', '0', 'en_us', ''),
 ('7', 'field', '18', 'en_us', ' libationtrail '),
 ('7', 'slug', '0', 'en_us', ''),
 ('8', 'slug', '0', 'en_us', ' beer '),
 ('8', 'title', '0', 'en_us', ' beer '),
 ('9', 'filename', '0', 'en_us', ' buffalo creek jpg '),
 ('9', 'extension', '0', 'en_us', ' jpg '),
 ('9', 'kind', '0', 'en_us', ' image '),
 ('9', 'slug', '0', 'en_us', ' buffalo creek '),
 ('9', 'title', '0', 'en_us', ' buffalo creek '),
 ('10', 'field', '21', 'en_us', ' 360 historical ln long grove il 60047 united states 42 17677620 87 99799260 6116 27603675 '),
 ('10', 'field', '3', 'en_us', ' phone 847 821 6140 phone 847 821 6140 '),
 ('10', 'field', '4', 'en_us', ' http www buffalocreekbrewing com '),
 ('10', 'field', '5', 'en_us', ' brewing madness in downtown historic long grove '),
 ('10', 'field', '7', 'en_us', ' beer '),
 ('10', 'field', '6', 'en_us', ' http www visitlakecounty org buffalocreekbrewing '),
 ('10', 'field', '8', 'en_us', ' buffalo creek '),
 ('10', 'field', '9', 'en_us', ''),
 ('10', 'slug', '0', 'en_us', ' buffalo creek brewing '),
 ('10', 'title', '0', 'en_us', ' buffalo creek brewing '),
 ('11', 'filename', '0', 'en_us', ' halfday brewing jpg '),
 ('11', 'extension', '0', 'en_us', ' jpg '),
 ('11', 'kind', '0', 'en_us', ' image '),
 ('11', 'slug', '0', 'en_us', ' halfday brewing '),
 ('11', 'title', '0', 'en_us', ' halfday brewing '),
 ('12', 'filename', '0', 'en_us', ' logo halfday jpg '),
 ('12', 'extension', '0', 'en_us', ' jpg '),
 ('12', 'kind', '0', 'en_us', ' image '),
 ('12', 'slug', '0', 'en_us', ' logo halfday '),
 ('12', 'title', '0', 'en_us', ' logo halfday '),
 ('13', 'field', '21', 'en_us', ' 200 village green lincolnshire il 60069 united states 42 2026054 87 9307916 6112 87917351 '),
 ('13', 'field', '3', 'en_us', ' phone 847 821 6933 phone 847 821 6933 '),
 ('13', 'field', '4', 'en_us', ' http www halfdaybrewing com '),
 ('13', 'field', '5', 'en_us', ' savor an extensive list of house beers and craft brews on tap with an appealing gastropub menu and a sprawling patio '),
 ('13', 'field', '7', 'en_us', ' beer '),
 ('13', 'field', '6', 'en_us', ' http www visitlakecounty org halfdaybrewingco '),
 ('13', 'field', '8', 'en_us', ' halfday brewing '),
 ('13', 'field', '9', 'en_us', ' logo halfday '),
 ('13', 'slug', '0', 'en_us', ' half day brewing co '),
 ('13', 'title', '0', 'en_us', ' half day brewing co '),
 ('14', 'filename', '0', 'en_us', ' logo mickeyfinns jpg '),
 ('14', 'extension', '0', 'en_us', ' jpg '),
 ('14', 'kind', '0', 'en_us', ' image '),
 ('14', 'slug', '0', 'en_us', ' logo mickeyfinns '),
 ('14', 'title', '0', 'en_us', ' logo mickeyfinns '),
 ('15', 'filename', '0', 'en_us', ' mickeyfinns jpg '),
 ('15', 'extension', '0', 'en_us', ' jpg '),
 ('15', 'kind', '0', 'en_us', ' image '),
 ('15', 'slug', '0', 'en_us', ' mickeyfinns '),
 ('15', 'title', '0', 'en_us', ' mickeyfinns '),
 ('16', 'field', '21', 'en_us', ' 345 n milwaukee ave chicago il 60661 united states 41 8862611 87 64059 6097 42708582 '),
 ('16', 'field', '3', 'en_us', ' phone 847 362 6688 phone 847 362 6688 '),
 ('16', 'field', '4', 'en_us', ' http www mickeyfinnsbrewery com '),
 ('16', 'field', '5', 'en_us', ' lake county s first brewpub serving unique handcrafted ales and lagers plus great food and live music on the weekend '),
 ('16', 'field', '7', 'en_us', ' beer '),
 ('16', 'field', '6', 'en_us', ' http www visitlakecounty org mickeyfinnsbrewery '),
 ('16', 'field', '8', 'en_us', ' mickeyfinns '),
 ('16', 'field', '9', 'en_us', ' logo mickeyfinns '),
 ('16', 'slug', '0', 'en_us', ' mickey finns brewery '),
 ('16', 'title', '0', 'en_us', ' mickey finn s brewery '),
 ('17', 'filename', '0', 'en_us', ' sidelot jpg '),
 ('17', 'extension', '0', 'en_us', ' jpg '),
 ('17', 'kind', '0', 'en_us', ' image '),
 ('17', 'slug', '0', 'en_us', ' sidelot '),
 ('17', 'title', '0', 'en_us', ' sidelot '),
 ('18', 'filename', '0', 'en_us', ' logo sidelot jpg '),
 ('18', 'extension', '0', 'en_us', ' jpg '),
 ('18', 'kind', '0', 'en_us', ' image '),
 ('18', 'slug', '0', 'en_us', ' logo sidelot '),
 ('18', 'title', '0', 'en_us', ' logo sidelot '),
 ('19', 'field', '21', 'en_us', ' 110 slocum lake rd wauconda il 60084 united states 42 260531 88 142971 6123 82404649 '),
 ('19', 'field', '3', 'en_us', ' phone 847 865 0281 phone 847 865 0281 '),
 ('19', 'field', '4', 'en_us', ' http sidelotbrewing com '),
 ('19', 'field', '5', 'en_us', ' this sleek and saavy brewery knows what it s doing with a stellar selection of beers on tap and a delectable food menu '),
 ('19', 'field', '7', 'en_us', ' beer '),
 ('19', 'field', '6', 'en_us', ' http www visitlakecounty org sidelotbrewery '),
 ('19', 'field', '8', 'en_us', ' sidelot '),
 ('19', 'field', '9', 'en_us', ' logo sidelot '),
 ('19', 'slug', '0', 'en_us', ' side lot brewery '),
 ('19', 'title', '0', 'en_us', ' side lot brewery '),
 ('20', 'filename', '0', 'en_us', ' logo northshore jpg '),
 ('20', 'extension', '0', 'en_us', ' jpg '),
 ('20', 'kind', '0', 'en_us', ' image ');
INSERT INTO `craft_searchindex` (`elementId`, `attribute`, `fieldId`, `locale`, `keywords`) VALUES
 ('20', 'slug', '0', 'en_us', ' logo northshore '),
 ('20', 'title', '0', 'en_us', ' logo northshore '),
 ('21', 'filename', '0', 'en_us', ' northshore jpg '),
 ('21', 'extension', '0', 'en_us', ' jpg '),
 ('21', 'kind', '0', 'en_us', ' image '),
 ('21', 'slug', '0', 'en_us', ' northshore '),
 ('21', 'title', '0', 'en_us', ' northshore '),
 ('22', 'slug', '0', 'en_us', ' spirits '),
 ('22', 'title', '0', 'en_us', ' spirits '),
 ('23', 'field', '21', 'en_us', ' 13990 rockland rd green oaks il 60048 united states 42 280703 87 905011 6111 69263453 '),
 ('23', 'field', '3', 'en_us', ' phone 847 574 2499 phone 847 574 2499 '),
 ('23', 'field', '4', 'en_us', ' http northshoredistillery com '),
 ('23', 'field', '5', 'en_us', ' delicious award winning spirits and cocktails by true artisans beautiful spaces cocktail classes events more '),
 ('23', 'field', '7', 'en_us', ' spirits '),
 ('23', 'field', '6', 'en_us', ' http www visitlakecounty org northshoredistilleryllc '),
 ('23', 'field', '8', 'en_us', ' northshore '),
 ('23', 'field', '9', 'en_us', ' logo northshore '),
 ('23', 'slug', '0', 'en_us', ' north shore distillery '),
 ('23', 'title', '0', 'en_us', ' north shore distillery '),
 ('24', 'slug', '0', 'en_us', ' wine '),
 ('24', 'title', '0', 'en_us', ' wine '),
 ('25', 'filename', '0', 'en_us', ' lynfred jpg '),
 ('25', 'extension', '0', 'en_us', ' jpg '),
 ('25', 'kind', '0', 'en_us', ' image '),
 ('25', 'slug', '0', 'en_us', ' lynfred '),
 ('25', 'title', '0', 'en_us', ' lynfred '),
 ('26', 'filename', '0', 'en_us', ' logo lynfred jpg '),
 ('26', 'extension', '0', 'en_us', ' jpg '),
 ('26', 'kind', '0', 'en_us', ' image '),
 ('26', 'slug', '0', 'en_us', ' logo lynfred '),
 ('26', 'title', '0', 'en_us', ' logo lynfred '),
 ('27', 'field', '21', 'en_us', ' 971 n milwaukee ave wheeling il 60090 united states 42 16011100 87 91776900 6112 14113703 '),
 ('27', 'field', '3', 'en_us', ' phone 847 229 9463 phone 847 229 9463 '),
 ('27', 'field', '4', 'en_us', ' http www lynfredwinery com '),
 ('27', 'field', '5', 'en_us', ' oenophiles flock to this elegant tasting room for flights and pairings browse the wine shop wine events year round '),
 ('27', 'field', '7', 'en_us', ' wine '),
 ('27', 'field', '6', 'en_us', ' http www visitlakecounty org lynfredwinerywheeling '),
 ('27', 'field', '8', 'en_us', ' lynfred '),
 ('27', 'field', '9', 'en_us', ' logo lynfred '),
 ('27', 'slug', '0', 'en_us', ' lynfred winery '),
 ('27', 'title', '0', 'en_us', ' lynfred winery '),
 ('28', 'filename', '0', 'en_us', ' valentino jpg '),
 ('28', 'extension', '0', 'en_us', ' jpg '),
 ('28', 'kind', '0', 'en_us', ' image '),
 ('28', 'slug', '0', 'en_us', ' valentino '),
 ('28', 'title', '0', 'en_us', ' valentino '),
 ('29', 'filename', '0', 'en_us', ' logo valentino jpg '),
 ('29', 'extension', '0', 'en_us', ' jpg '),
 ('29', 'kind', '0', 'en_us', ' image '),
 ('29', 'slug', '0', 'en_us', ' logo valentino '),
 ('29', 'title', '0', 'en_us', ' logo valentino '),
 ('30', 'field', '21', 'en_us', ' 5175 aptakisic rd long grove il 60047 united states 42 1835411 87 976232 6115 1731479 '),
 ('30', 'field', '3', 'en_us', ' phone 847 634 2831 phone 847 634 2831 '),
 ('30', 'field', '4', 'en_us', ' http www valentinovineyards com '),
 ('30', 'field', '5', 'en_us', ' a viticulturist s dream come taste 20 different types of wine and tour this 20 acre estate vineyard open may dec '),
 ('30', 'field', '7', 'en_us', ' wine '),
 ('30', 'field', '6', 'en_us', ' http www visitlakecounty org valentinovineyardsinc '),
 ('30', 'field', '8', 'en_us', ' valentino '),
 ('30', 'field', '9', 'en_us', ' logo valentino '),
 ('30', 'slug', '0', 'en_us', ' valentino vineyards '),
 ('30', 'title', '0', 'en_us', ' valentino vineyards '),
 ('31', 'filename', '0', 'en_us', ' vignetodelbino jpg '),
 ('31', 'extension', '0', 'en_us', ' jpg '),
 ('31', 'kind', '0', 'en_us', ' image '),
 ('31', 'slug', '0', 'en_us', ' vignetodelbino '),
 ('31', 'title', '0', 'en_us', ' vignetodelbino '),
 ('32', 'filename', '0', 'en_us', ' logo vignetodelbino jpg '),
 ('32', 'extension', '0', 'en_us', ' jpg '),
 ('32', 'kind', '0', 'en_us', ' image '),
 ('32', 'slug', '0', 'en_us', ' logo vignetodelbino '),
 ('32', 'title', '0', 'en_us', ' logo vignetodelbino '),
 ('33', 'field', '21', 'en_us', ' 42150 n crawford rd antioch il 60002 united states 42 474519 87 994179 6116 56583685 '),
 ('33', 'field', '3', 'en_us', ' phone 847 204 7352 phone 847 204 7352 '),
 ('33', 'field', '4', 'en_us', ' http www vignetodelbino com front '),
 ('33', 'field', '5', 'en_us', ' from the fruit of the vines of this 10 acre boutique winery come award winning reds and whites tasting room and gift shop '),
 ('33', 'field', '7', 'en_us', ''),
 ('33', 'field', '6', 'en_us', ' http www visitlakecounty org vignetodelbinowinery '),
 ('33', 'field', '8', 'en_us', ' vignetodelbino '),
 ('33', 'field', '9', 'en_us', ' logo vignetodelbino '),
 ('33', 'slug', '0', 'en_us', ' vigneto del bino '),
 ('33', 'title', '0', 'en_us', ' vigneto del bino '),
 ('2', 'field', '23', 'en_us', ' the lake county illinois libation trail '),
 ('34', 'filename', '0', 'en_us', ' lt web banner jpg '),
 ('34', 'extension', '0', 'en_us', ' jpg '),
 ('34', 'kind', '0', 'en_us', ' image '),
 ('34', 'slug', '0', 'en_us', ' lt web banner '),
 ('34', 'title', '0', 'en_us', ' lt web banner '),
 ('35', 'field', '16', 'en_us', ' lt web banner '),
 ('35', 'field', '22', 'en_us', ' this is a sample caption '),
 ('35', 'slug', '0', 'en_us', '');



DROP TABLE IF EXISTS `craft_sections`;


--
-- Schema for table `craft_sections`
--
CREATE TABLE `craft_sections` (
  `id` int(11) NOT NULL AUTO_INCREMENT,
  `structureId` int(11) DEFAULT NULL,
  `name` varchar(255) COLLATE utf8_unicode_ci NOT NULL,
  `handle` varchar(255) COLLATE utf8_unicode_ci NOT NULL,
  `type` enum('single','channel','structure') COLLATE utf8_unicode_ci NOT NULL DEFAULT 'channel',
  `hasUrls` tinyint(1) unsigned NOT NULL DEFAULT '1',
  `template` varchar(500) COLLATE utf8_unicode_ci DEFAULT NULL,
  `enableVersioning` tinyint(1) unsigned NOT NULL DEFAULT '0',
  `dateCreated` datetime NOT NULL,
  `dateUpdated` datetime NOT NULL,
  `uid` char(36) COLLATE utf8_unicode_ci NOT NULL DEFAULT '0',
  PRIMARY KEY (`id`),
  UNIQUE KEY `craft_sections_name_unq_idx` (`name`),
  UNIQUE KEY `craft_sections_handle_unq_idx` (`handle`),
  KEY `craft_sections_structureId_fk` (`structureId`)
) ENGINE=InnoDB AUTO_INCREMENT=4 DEFAULT CHARSET=utf8 COLLATE=utf8_unicode_ci;

--
-- Data for table `craft_sections`
--

INSERT INTO `craft_sections` (`id`, `structureId`, `name`, `handle`, `type`, `hasUrls`, `template`, `enableVersioning`, `dateCreated`, `dateUpdated`, `uid`) VALUES
 ('1', NULL, 'Homepage', 'homepage', 'single', '1', 'index', '1', '2017-08-17 17:12:34', '2017-08-17 17:12:34', '29f0f9fc-69f5-4425-bf01-3145ecefda96'),
 ('3', '2', 'Libation Trail', 'libationTrail', 'structure', '1', 'libation-trail/_entry', '1', '2017-08-17 17:44:50', '2017-08-17 17:44:50', 'd02f223e-015a-4f02-8475-b12b782c8c57');



DROP TABLE IF EXISTS `craft_sections_i18n`;


--
-- Schema for table `craft_sections_i18n`
--
CREATE TABLE `craft_sections_i18n` (
  `id` int(11) NOT NULL AUTO_INCREMENT,
  `sectionId` int(11) NOT NULL,
  `locale` char(12) COLLATE utf8_unicode_ci NOT NULL,
  `enabledByDefault` tinyint(1) unsigned NOT NULL DEFAULT '1',
  `urlFormat` text COLLATE utf8_unicode_ci,
  `nestedUrlFormat` text COLLATE utf8_unicode_ci,
  `dateCreated` datetime NOT NULL,
  `dateUpdated` datetime NOT NULL,
  `uid` char(36) COLLATE utf8_unicode_ci NOT NULL DEFAULT '0',
  PRIMARY KEY (`id`),
  UNIQUE KEY `craft_sections_i18n_sectionId_locale_unq_idx` (`sectionId`,`locale`),
  KEY `craft_sections_i18n_locale_fk` (`locale`)
) ENGINE=InnoDB AUTO_INCREMENT=4 DEFAULT CHARSET=utf8 COLLATE=utf8_unicode_ci;

--
-- Data for table `craft_sections_i18n`
--

INSERT INTO `craft_sections_i18n` (`id`, `sectionId`, `locale`, `enabledByDefault`, `urlFormat`, `nestedUrlFormat`, `dateCreated`, `dateUpdated`, `uid`) VALUES
 ('1', '1', 'en_us', '1', '__home__', NULL, '2017-08-17 17:12:34', '2017-08-17 17:12:34', '53f44c71-14e9-4bef-a95c-e831b482300f'),
 ('3', '3', 'en_us', '1', '{slug}', NULL, '2017-08-17 17:44:51', '2017-08-17 17:44:51', '8f8036dd-e254-42b8-86ef-0cf5834b0bd4');



DROP TABLE IF EXISTS `craft_seo`;


--
-- Schema for table `craft_seo`
--
CREATE TABLE `craft_seo` (
  `name` varchar(255) COLLATE utf8_unicode_ci NOT NULL,
  `data` text COLLATE utf8_unicode_ci,
  `dateCreated` datetime NOT NULL,
  `dateUpdated` datetime NOT NULL,
  `uid` char(36) COLLATE utf8_unicode_ci NOT NULL DEFAULT '0',
  PRIMARY KEY (`name`),
  UNIQUE KEY `craft_seo_name_unq_idx` (`name`)
) ENGINE=InnoDB DEFAULT CHARSET=utf8 COLLATE=utf8_unicode_ci;

DROP TABLE IF EXISTS `craft_seo_redirects`;


--
-- Schema for table `craft_seo_redirects`
--
CREATE TABLE `craft_seo_redirects` (
  `id` int(11) NOT NULL AUTO_INCREMENT,
  `uri` varchar(255) COLLATE utf8_unicode_ci NOT NULL,
  `to` varchar(255) COLLATE utf8_unicode_ci NOT NULL,
  `type` enum('301','302') COLLATE utf8_unicode_ci NOT NULL,
  `dateCreated` datetime NOT NULL,
  `dateUpdated` datetime NOT NULL,
  `uid` char(36) COLLATE utf8_unicode_ci NOT NULL DEFAULT '0',
  PRIMARY KEY (`id`)
) ENGINE=InnoDB DEFAULT CHARSET=utf8 COLLATE=utf8_unicode_ci;

DROP TABLE IF EXISTS `craft_seo_sitemaps`;


--
-- Schema for table `craft_seo_sitemaps`
--
CREATE TABLE `craft_seo_sitemaps` (
  `id` int(11) NOT NULL AUTO_INCREMENT,
  `group` enum('sections','categories','customUrls','productTypes') COLLATE utf8_unicode_ci NOT NULL,
  `url` varchar(255) COLLATE utf8_unicode_ci NOT NULL,
  `frequency` enum('always','hourly','daily','weekly','monthly','yearly','never') COLLATE utf8_unicode_ci NOT NULL,
  `priority` decimal(11,1) NOT NULL,
  `enabled` tinyint(1) unsigned NOT NULL DEFAULT '1',
  `dateCreated` datetime NOT NULL,
  `dateUpdated` datetime NOT NULL,
  `uid` char(36) COLLATE utf8_unicode_ci NOT NULL DEFAULT '0',
  PRIMARY KEY (`id`)
) ENGINE=InnoDB DEFAULT CHARSET=utf8 COLLATE=utf8_unicode_ci;

DROP TABLE IF EXISTS `craft_sessions`;


--
-- Schema for table `craft_sessions`
--
CREATE TABLE `craft_sessions` (
  `id` int(11) NOT NULL AUTO_INCREMENT,
  `userId` int(11) NOT NULL,
  `token` char(100) COLLATE utf8_unicode_ci NOT NULL,
  `dateCreated` datetime NOT NULL,
  `dateUpdated` datetime NOT NULL,
  `uid` char(36) COLLATE utf8_unicode_ci NOT NULL DEFAULT '0',
  PRIMARY KEY (`id`),
  KEY `craft_sessions_uid_idx` (`uid`),
  KEY `craft_sessions_token_idx` (`token`),
  KEY `craft_sessions_dateUpdated_idx` (`dateUpdated`),
  KEY `craft_sessions_userId_fk` (`userId`)
) ENGINE=InnoDB AUTO_INCREMENT=5 DEFAULT CHARSET=utf8 COLLATE=utf8_unicode_ci;

DROP TABLE IF EXISTS `craft_shunnedmessages`;


--
-- Schema for table `craft_shunnedmessages`
--
CREATE TABLE `craft_shunnedmessages` (
  `id` int(11) NOT NULL AUTO_INCREMENT,
  `userId` int(11) NOT NULL,
  `message` varchar(255) COLLATE utf8_unicode_ci NOT NULL,
  `expiryDate` datetime DEFAULT NULL,
  `dateCreated` datetime NOT NULL,
  `dateUpdated` datetime NOT NULL,
  `uid` char(36) COLLATE utf8_unicode_ci NOT NULL DEFAULT '0',
  PRIMARY KEY (`id`),
  UNIQUE KEY `craft_shunnedmessages_userId_message_unq_idx` (`userId`,`message`)
) ENGINE=InnoDB DEFAULT CHARSET=utf8 COLLATE=utf8_unicode_ci;

DROP TABLE IF EXISTS `craft_smartmap_addresses`;


--
-- Schema for table `craft_smartmap_addresses`
--
CREATE TABLE `craft_smartmap_addresses` (
  `id` int(11) NOT NULL AUTO_INCREMENT,
  `elementId` int(11) NOT NULL,
  `fieldId` int(11) NOT NULL,
  `street1` varchar(255) COLLATE utf8_unicode_ci DEFAULT NULL,
  `street2` varchar(255) COLLATE utf8_unicode_ci DEFAULT NULL,
  `city` varchar(255) COLLATE utf8_unicode_ci DEFAULT NULL,
  `state` varchar(255) COLLATE utf8_unicode_ci DEFAULT NULL,
  `zip` varchar(255) COLLATE utf8_unicode_ci DEFAULT NULL,
  `country` varchar(255) COLLATE utf8_unicode_ci DEFAULT NULL,
  `lat` decimal(12,8) DEFAULT NULL,
  `lng` decimal(12,8) DEFAULT NULL,
  `dateCreated` datetime NOT NULL,
  `dateUpdated` datetime NOT NULL,
  `uid` char(36) COLLATE utf8_unicode_ci NOT NULL DEFAULT '0',
  PRIMARY KEY (`id`),
  KEY `craft_smartmap_addresses_elementId_fk` (`elementId`),
  KEY `craft_smartmap_addresses_fieldId_fk` (`fieldId`)
) ENGINE=InnoDB AUTO_INCREMENT=9 DEFAULT CHARSET=utf8 COLLATE=utf8_unicode_ci;

--
-- Data for table `craft_smartmap_addresses`
--

INSERT INTO `craft_smartmap_addresses` (`id`, `elementId`, `fieldId`, `street1`, `street2`, `city`, `state`, `zip`, `country`, `lat`, `lng`, `dateCreated`, `dateUpdated`, `uid`) VALUES
 ('1', '10', '21', '360 Historical Ln', NULL, 'Long Grove', 'IL', '60047', 'United States', '42.17677620', '-87.99799260', '2017-08-17 18:13:31', '2017-08-17 18:15:50', '608bef2e-d838-4357-937e-233805de60c6'),
 ('2', '13', '21', '200 Village Green', NULL, 'Lincolnshire', 'IL', '60069', 'United States', '42.20260540', '-87.93079160', '2017-08-17 18:15:32', '2017-08-17 18:15:32', 'ab6e5611-c93e-409d-9f43-ece8250f4e56'),
 ('3', '16', '21', '345 N Milwaukee Ave', NULL, 'Chicago', 'IL', '60661', 'United States', '41.88626110', '-87.64059000', '2017-08-17 18:19:48', '2017-08-17 18:19:48', 'b6318bd6-c3f8-4ae3-97f9-3079a818b74a'),
 ('4', '19', '21', '110 Slocum Lake Rd', NULL, 'Wauconda', 'IL', '60084', 'United States', '42.26053100', '-88.14297100', '2017-08-17 18:21:30', '2017-08-17 18:21:30', '88050ec6-9f91-476a-b794-b343ea4bc843'),
 ('5', '23', '21', '13990 Rockland Rd', NULL, 'Green Oaks', 'IL', '60048', 'United States', '42.28070300', '-87.90501100', '2017-08-17 18:25:05', '2017-08-17 18:25:05', 'c2432bef-4bf0-4cad-8a70-7c94cb1dc1b0'),
 ('6', '27', '21', '971 N Milwaukee Ave', NULL, 'Wheeling', 'IL', '60090', 'United States', '42.16011100', '-87.91776900', '2017-08-17 18:26:50', '2017-08-21 19:27:12', '2a9c0da1-8acb-4533-b890-89d63594489e'),
 ('7', '30', '21', '5175 Aptakisic Rd', NULL, 'Long Grove', 'IL', '60047', 'United States', '42.18354110', '-87.97623200', '2017-08-17 18:28:17', '2017-08-17 18:28:17', 'dd04ad2f-2ad7-41ec-bfc9-4a307cd3bdf7'),
 ('8', '33', '21', '42150 N Crawford Rd', NULL, 'Antioch', 'IL', '60002', 'United States', '42.47451900', '-87.99417900', '2017-08-17 18:29:32', '2017-08-17 18:29:32', 'a9589f22-e05a-451d-bd4d-965132604822');



DROP TABLE IF EXISTS `craft_structureelements`;


--
-- Schema for table `craft_structureelements`
--
CREATE TABLE `craft_structureelements` (
  `id` int(11) NOT NULL AUTO_INCREMENT,
  `structureId` int(11) NOT NULL,
  `elementId` int(11) DEFAULT NULL,
  `root` int(11) unsigned DEFAULT NULL,
  `lft` int(11) unsigned NOT NULL,
  `rgt` int(11) unsigned NOT NULL,
  `level` smallint(6) unsigned NOT NULL,
  `dateCreated` datetime NOT NULL,
  `dateUpdated` datetime NOT NULL,
  `uid` char(36) COLLATE utf8_unicode_ci NOT NULL DEFAULT '0',
  PRIMARY KEY (`id`),
  UNIQUE KEY `craft_structureelements_structureId_elementId_unq_idx` (`structureId`,`elementId`),
  KEY `craft_structureelements_root_idx` (`root`),
  KEY `craft_structureelements_lft_idx` (`lft`),
  KEY `craft_structureelements_rgt_idx` (`rgt`),
  KEY `craft_structureelements_level_idx` (`level`),
  KEY `craft_structureelements_elementId_fk` (`elementId`)
) ENGINE=InnoDB AUTO_INCREMENT=14 DEFAULT CHARSET=utf8 COLLATE=utf8_unicode_ci;

--
-- Data for table `craft_structureelements`
--

INSERT INTO `craft_structureelements` (`id`, `structureId`, `elementId`, `root`, `lft`, `rgt`, `level`, `dateCreated`, `dateUpdated`, `uid`) VALUES
 ('1', '1', NULL, '1', '1', '8', '0', '2017-08-17 18:12:23', '2017-08-17 18:12:23', 'a91eff08-e764-49d7-a6d7-7b56aa2a3445'),
 ('2', '1', '8', '1', '2', '3', '1', '2017-08-17 18:12:24', '2017-08-17 18:12:24', '51b6fa4c-3fd6-4dd0-b460-c6bed51be731'),
 ('3', '2', NULL, '3', '1', '18', '0', '2017-08-17 18:13:32', '2017-08-17 18:13:32', '963f1b4e-1ce5-43f6-9d76-7154d603d1e7'),
 ('4', '2', '10', '3', '2', '3', '1', '2017-08-17 18:13:33', '2017-08-17 18:13:33', 'daf84e1d-6713-446e-aea7-82d14e06f95f'),
 ('5', '2', '13', '3', '4', '5', '1', '2017-08-17 18:15:34', '2017-08-17 18:15:34', '53d47591-df20-4057-9b77-cbe33cdb9285'),
 ('6', '2', '16', '3', '6', '7', '1', '2017-08-17 18:19:49', '2017-08-17 18:19:49', 'cb348864-425d-43d9-bd21-61299eb2877f'),
 ('7', '2', '19', '3', '8', '9', '1', '2017-08-17 18:21:32', '2017-08-17 18:21:32', '6e762ab9-b34b-4233-9a29-f3509a0f07be'),
 ('8', '1', '22', '1', '4', '5', '1', '2017-08-17 18:24:01', '2017-08-17 18:24:01', 'd39c770d-9612-4662-afbc-d106681d25fb'),
 ('9', '2', '23', '3', '10', '11', '1', '2017-08-17 18:25:07', '2017-08-17 18:25:07', 'bd0483ee-5bea-4818-8278-da37c8658fe1'),
 ('10', '1', '24', '1', '6', '7', '1', '2017-08-17 18:26:13', '2017-08-17 18:26:13', '52c99c78-a550-4623-a7d5-e69f151c8b01'),
 ('11', '2', '27', '3', '12', '13', '1', '2017-08-17 18:26:52', '2017-08-17 18:26:52', 'fd3856a8-c79a-48fc-be83-d11a501f39a7'),
 ('12', '2', '30', '3', '14', '15', '1', '2017-08-17 18:28:18', '2017-08-17 18:28:18', '21e28a8a-3ea1-4f7c-99ea-c12285cfc0f2'),
 ('13', '2', '33', '3', '16', '17', '1', '2017-08-17 18:29:33', '2017-08-17 18:29:33', '21d8b878-a4db-4731-bbf2-5fcc5b7bedb9');



DROP TABLE IF EXISTS `craft_structures`;


--
-- Schema for table `craft_structures`
--
CREATE TABLE `craft_structures` (
  `id` int(11) NOT NULL AUTO_INCREMENT,
  `maxLevels` smallint(6) unsigned DEFAULT NULL,
  `dateCreated` datetime NOT NULL,
  `dateUpdated` datetime NOT NULL,
  `uid` char(36) COLLATE utf8_unicode_ci NOT NULL DEFAULT '0',
  PRIMARY KEY (`id`)
) ENGINE=InnoDB AUTO_INCREMENT=3 DEFAULT CHARSET=utf8 COLLATE=utf8_unicode_ci;

--
-- Data for table `craft_structures`
--

INSERT INTO `craft_structures` (`id`, `maxLevels`, `dateCreated`, `dateUpdated`, `uid`) VALUES
 ('1', NULL, '2017-08-17 17:26:16', '2017-08-17 17:26:16', '47608558-9b45-41cf-9bb1-cf8176b293bd'),
 ('2', '1', '2017-08-17 17:44:50', '2017-08-17 17:44:50', '086c90b6-da6d-41fd-a938-88d5486ad70e');



DROP TABLE IF EXISTS `craft_systemsettings`;


--
-- Schema for table `craft_systemsettings`
--
CREATE TABLE `craft_systemsettings` (
  `id` int(11) NOT NULL AUTO_INCREMENT,
  `category` varchar(15) COLLATE utf8_unicode_ci NOT NULL,
  `settings` text COLLATE utf8_unicode_ci,
  `dateCreated` datetime NOT NULL,
  `dateUpdated` datetime NOT NULL,
  `uid` char(36) COLLATE utf8_unicode_ci NOT NULL DEFAULT '0',
  PRIMARY KEY (`id`),
  UNIQUE KEY `craft_systemsettings_category_unq_idx` (`category`)
) ENGINE=InnoDB AUTO_INCREMENT=2 DEFAULT CHARSET=utf8 COLLATE=utf8_unicode_ci;

--
-- Data for table `craft_systemsettings`
--

INSERT INTO `craft_systemsettings` (`id`, `category`, `settings`, `dateCreated`, `dateUpdated`, `uid`) VALUES
 ('1', 'email', '{\"protocol\":\"php\",\"emailAddress\":\"natd@dhdchicago.com\",\"senderName\":\"Lake County Libation Trail\"}', '2017-08-17 17:12:32', '2017-08-17 17:12:32', 'e4ebbc9e-f634-4c4d-b299-db7ddc026888');



DROP TABLE IF EXISTS `craft_taggroups`;


--
-- Schema for table `craft_taggroups`
--
CREATE TABLE `craft_taggroups` (
  `id` int(11) NOT NULL AUTO_INCREMENT,
  `name` varchar(255) COLLATE utf8_unicode_ci NOT NULL,
  `handle` varchar(255) COLLATE utf8_unicode_ci NOT NULL,
  `fieldLayoutId` int(10) DEFAULT NULL,
  `dateCreated` datetime NOT NULL,
  `dateUpdated` datetime NOT NULL,
  `uid` char(36) COLLATE utf8_unicode_ci NOT NULL DEFAULT '0',
  PRIMARY KEY (`id`),
  UNIQUE KEY `craft_taggroups_name_unq_idx` (`name`),
  UNIQUE KEY `craft_taggroups_handle_unq_idx` (`handle`),
  KEY `craft_taggroups_fieldLayoutId_fk` (`fieldLayoutId`)
) ENGINE=InnoDB AUTO_INCREMENT=2 DEFAULT CHARSET=utf8 COLLATE=utf8_unicode_ci;

--
-- Data for table `craft_taggroups`
--

INSERT INTO `craft_taggroups` (`id`, `name`, `handle`, `fieldLayoutId`, `dateCreated`, `dateUpdated`, `uid`) VALUES
 ('1', 'Default', 'default', '1', '2017-08-17 17:12:32', '2017-08-17 17:12:32', '916db36c-d77e-4abf-8380-52f772298f0c');



DROP TABLE IF EXISTS `craft_tags`;


--
-- Schema for table `craft_tags`
--
CREATE TABLE `craft_tags` (
  `id` int(11) NOT NULL,
  `groupId` int(11) NOT NULL,
  `dateCreated` datetime NOT NULL,
  `dateUpdated` datetime NOT NULL,
  `uid` char(36) COLLATE utf8_unicode_ci NOT NULL DEFAULT '0',
  PRIMARY KEY (`id`),
  KEY `craft_tags_groupId_fk` (`groupId`)
) ENGINE=InnoDB DEFAULT CHARSET=utf8 COLLATE=utf8_unicode_ci;

DROP TABLE IF EXISTS `craft_tasks`;


--
-- Schema for table `craft_tasks`
--
CREATE TABLE `craft_tasks` (
  `id` int(11) NOT NULL AUTO_INCREMENT,
  `root` int(11) unsigned DEFAULT NULL,
  `lft` int(11) unsigned NOT NULL,
  `rgt` int(11) unsigned NOT NULL,
  `level` smallint(6) unsigned NOT NULL,
  `currentStep` int(11) unsigned DEFAULT NULL,
  `totalSteps` int(11) unsigned DEFAULT NULL,
  `status` enum('pending','error','running') COLLATE utf8_unicode_ci DEFAULT NULL,
  `type` varchar(150) COLLATE utf8_unicode_ci NOT NULL,
  `description` varchar(255) COLLATE utf8_unicode_ci DEFAULT NULL,
  `settings` mediumtext COLLATE utf8_unicode_ci,
  `dateCreated` datetime NOT NULL,
  `dateUpdated` datetime NOT NULL,
  `uid` char(36) COLLATE utf8_unicode_ci NOT NULL DEFAULT '0',
  PRIMARY KEY (`id`),
  KEY `craft_tasks_root_idx` (`root`),
  KEY `craft_tasks_lft_idx` (`lft`),
  KEY `craft_tasks_rgt_idx` (`rgt`),
  KEY `craft_tasks_level_idx` (`level`)
) ENGINE=InnoDB AUTO_INCREMENT=37 DEFAULT CHARSET=utf8 COLLATE=utf8_unicode_ci;

DROP TABLE IF EXISTS `craft_templatecachecriteria`;


--
-- Schema for table `craft_templatecachecriteria`
--
CREATE TABLE `craft_templatecachecriteria` (
  `id` int(11) NOT NULL AUTO_INCREMENT,
  `cacheId` int(11) NOT NULL,
  `type` varchar(150) COLLATE utf8_unicode_ci NOT NULL,
  `criteria` text COLLATE utf8_unicode_ci NOT NULL,
  PRIMARY KEY (`id`),
  KEY `craft_templatecachecriteria_cacheId_fk` (`cacheId`),
  KEY `craft_templatecachecriteria_type_idx` (`type`)
) ENGINE=InnoDB DEFAULT CHARSET=utf8 COLLATE=utf8_unicode_ci;

DROP TABLE IF EXISTS `craft_templatecacheelements`;


--
-- Schema for table `craft_templatecacheelements`
--
CREATE TABLE `craft_templatecacheelements` (
  `cacheId` int(11) NOT NULL,
  `elementId` int(11) NOT NULL,
  KEY `craft_templatecacheelements_cacheId_fk` (`cacheId`),
  KEY `craft_templatecacheelements_elementId_fk` (`elementId`)
) ENGINE=InnoDB DEFAULT CHARSET=utf8 COLLATE=utf8_unicode_ci;

DROP TABLE IF EXISTS `craft_templatecaches`;


--
-- Schema for table `craft_templatecaches`
--
CREATE TABLE `craft_templatecaches` (
  `id` int(11) NOT NULL AUTO_INCREMENT,
  `cacheKey` varchar(255) COLLATE utf8_unicode_ci NOT NULL,
  `locale` char(12) COLLATE utf8_unicode_ci NOT NULL,
  `path` varchar(255) COLLATE utf8_unicode_ci DEFAULT NULL,
  `expiryDate` datetime NOT NULL,
  `body` mediumtext COLLATE utf8_unicode_ci NOT NULL,
  PRIMARY KEY (`id`),
  KEY `craft_templatecaches_expiryDate_cacheKey_locale_path_idx` (`expiryDate`,`cacheKey`,`locale`,`path`),
  KEY `craft_templatecaches_locale_fk` (`locale`)
) ENGINE=InnoDB DEFAULT CHARSET=utf8 COLLATE=utf8_unicode_ci;

DROP TABLE IF EXISTS `craft_tokens`;


--
-- Schema for table `craft_tokens`
--
CREATE TABLE `craft_tokens` (
  `id` int(11) NOT NULL AUTO_INCREMENT,
  `token` char(32) COLLATE utf8_unicode_ci NOT NULL,
  `route` text COLLATE utf8_unicode_ci,
  `usageLimit` tinyint(3) unsigned DEFAULT NULL,
  `usageCount` tinyint(3) unsigned DEFAULT NULL,
  `expiryDate` datetime NOT NULL,
  `dateCreated` datetime NOT NULL,
  `dateUpdated` datetime NOT NULL,
  `uid` char(36) COLLATE utf8_unicode_ci NOT NULL DEFAULT '0',
  PRIMARY KEY (`id`),
  UNIQUE KEY `craft_tokens_token_unq_idx` (`token`),
  KEY `craft_tokens_expiryDate_idx` (`expiryDate`)
) ENGINE=InnoDB DEFAULT CHARSET=utf8 COLLATE=utf8_unicode_ci;

DROP TABLE IF EXISTS `craft_usergroups`;


--
-- Schema for table `craft_usergroups`
--
CREATE TABLE `craft_usergroups` (
  `id` int(11) NOT NULL AUTO_INCREMENT,
  `name` varchar(255) COLLATE utf8_unicode_ci NOT NULL,
  `handle` varchar(255) COLLATE utf8_unicode_ci NOT NULL,
  `dateCreated` datetime NOT NULL,
  `dateUpdated` datetime NOT NULL,
  `uid` char(36) COLLATE utf8_unicode_ci NOT NULL DEFAULT '0',
  PRIMARY KEY (`id`),
  UNIQUE KEY `craft_usergroups_name_unq_idx` (`name`),
  UNIQUE KEY `craft_usergroups_handle_unq_idx` (`handle`)
) ENGINE=InnoDB DEFAULT CHARSET=utf8 COLLATE=utf8_unicode_ci;

DROP TABLE IF EXISTS `craft_usergroups_users`;


--
-- Schema for table `craft_usergroups_users`
--
CREATE TABLE `craft_usergroups_users` (
  `id` int(11) NOT NULL AUTO_INCREMENT,
  `groupId` int(11) NOT NULL,
  `userId` int(11) NOT NULL,
  `dateCreated` datetime NOT NULL,
  `dateUpdated` datetime NOT NULL,
  `uid` char(36) COLLATE utf8_unicode_ci NOT NULL DEFAULT '0',
  PRIMARY KEY (`id`),
  UNIQUE KEY `craft_usergroups_users_groupId_userId_unq_idx` (`groupId`,`userId`),
  KEY `craft_usergroups_users_userId_fk` (`userId`)
) ENGINE=InnoDB DEFAULT CHARSET=utf8 COLLATE=utf8_unicode_ci;

DROP TABLE IF EXISTS `craft_userpermissions`;


--
-- Schema for table `craft_userpermissions`
--
CREATE TABLE `craft_userpermissions` (
  `id` int(11) NOT NULL AUTO_INCREMENT,
  `name` varchar(255) COLLATE utf8_unicode_ci NOT NULL,
  `dateCreated` datetime NOT NULL,
  `dateUpdated` datetime NOT NULL,
  `uid` char(36) COLLATE utf8_unicode_ci NOT NULL DEFAULT '0',
  PRIMARY KEY (`id`),
  UNIQUE KEY `craft_userpermissions_name_unq_idx` (`name`)
) ENGINE=InnoDB DEFAULT CHARSET=utf8 COLLATE=utf8_unicode_ci;

DROP TABLE IF EXISTS `craft_userpermissions_usergroups`;


--
-- Schema for table `craft_userpermissions_usergroups`
--
CREATE TABLE `craft_userpermissions_usergroups` (
  `id` int(11) NOT NULL AUTO_INCREMENT,
  `permissionId` int(11) NOT NULL,
  `groupId` int(11) NOT NULL,
  `dateCreated` datetime NOT NULL,
  `dateUpdated` datetime NOT NULL,
  `uid` char(36) COLLATE utf8_unicode_ci NOT NULL DEFAULT '0',
  PRIMARY KEY (`id`),
  UNIQUE KEY `craft_userpermissions_usergroups_permissionId_groupId_unq_idx` (`permissionId`,`groupId`),
  KEY `craft_userpermissions_usergroups_groupId_fk` (`groupId`)
) ENGINE=InnoDB DEFAULT CHARSET=utf8 COLLATE=utf8_unicode_ci;

DROP TABLE IF EXISTS `craft_userpermissions_users`;


--
-- Schema for table `craft_userpermissions_users`
--
CREATE TABLE `craft_userpermissions_users` (
  `id` int(11) NOT NULL AUTO_INCREMENT,
  `permissionId` int(11) NOT NULL,
  `userId` int(11) NOT NULL,
  `dateCreated` datetime NOT NULL,
  `dateUpdated` datetime NOT NULL,
  `uid` char(36) COLLATE utf8_unicode_ci NOT NULL DEFAULT '0',
  PRIMARY KEY (`id`),
  UNIQUE KEY `craft_userpermissions_users_permissionId_userId_unq_idx` (`permissionId`,`userId`),
  KEY `craft_userpermissions_users_userId_fk` (`userId`)
) ENGINE=InnoDB DEFAULT CHARSET=utf8 COLLATE=utf8_unicode_ci;

DROP TABLE IF EXISTS `craft_users`;


--
-- Schema for table `craft_users`
--
CREATE TABLE `craft_users` (
  `id` int(11) NOT NULL,
  `username` varchar(100) COLLATE utf8_unicode_ci NOT NULL,
  `photo` varchar(100) COLLATE utf8_unicode_ci DEFAULT NULL,
  `firstName` varchar(100) COLLATE utf8_unicode_ci DEFAULT NULL,
  `lastName` varchar(100) COLLATE utf8_unicode_ci DEFAULT NULL,
  `email` varchar(255) COLLATE utf8_unicode_ci NOT NULL,
  `password` char(255) COLLATE utf8_unicode_ci DEFAULT NULL,
  `preferredLocale` char(12) COLLATE utf8_unicode_ci DEFAULT NULL,
  `weekStartDay` tinyint(1) unsigned NOT NULL DEFAULT '0',
  `admin` tinyint(1) unsigned NOT NULL DEFAULT '0',
  `client` tinyint(1) unsigned NOT NULL DEFAULT '0',
  `locked` tinyint(1) unsigned NOT NULL DEFAULT '0',
  `suspended` tinyint(1) unsigned NOT NULL DEFAULT '0',
  `pending` tinyint(1) unsigned NOT NULL DEFAULT '0',
  `archived` tinyint(1) unsigned NOT NULL DEFAULT '0',
  `lastLoginDate` datetime DEFAULT NULL,
  `lastLoginAttemptIPAddress` varchar(45) COLLATE utf8_unicode_ci DEFAULT NULL,
  `invalidLoginWindowStart` datetime DEFAULT NULL,
  `invalidLoginCount` tinyint(4) unsigned DEFAULT NULL,
  `lastInvalidLoginDate` datetime DEFAULT NULL,
  `lockoutDate` datetime DEFAULT NULL,
  `verificationCode` char(100) COLLATE utf8_unicode_ci DEFAULT NULL,
  `verificationCodeIssuedDate` datetime DEFAULT NULL,
  `unverifiedEmail` varchar(255) COLLATE utf8_unicode_ci DEFAULT NULL,
  `passwordResetRequired` tinyint(1) unsigned NOT NULL DEFAULT '0',
  `lastPasswordChangeDate` datetime DEFAULT NULL,
  `dateCreated` datetime NOT NULL,
  `dateUpdated` datetime NOT NULL,
  `uid` char(36) COLLATE utf8_unicode_ci NOT NULL DEFAULT '0',
  PRIMARY KEY (`id`),
  UNIQUE KEY `craft_users_username_unq_idx` (`username`),
  UNIQUE KEY `craft_users_email_unq_idx` (`email`),
  KEY `craft_users_verificationCode_idx` (`verificationCode`),
  KEY `craft_users_uid_idx` (`uid`),
  KEY `craft_users_preferredLocale_fk` (`preferredLocale`)
) ENGINE=InnoDB DEFAULT CHARSET=utf8 COLLATE=utf8_unicode_ci;

--
-- Data for table `craft_users`
--

INSERT INTO `craft_users` (`id`, `username`, `photo`, `firstName`, `lastName`, `email`, `password`, `preferredLocale`, `weekStartDay`, `admin`, `client`, `locked`, `suspended`, `pending`, `archived`, `lastLoginDate`, `lastLoginAttemptIPAddress`, `invalidLoginWindowStart`, `invalidLoginCount`, `lastInvalidLoginDate`, `lockoutDate`, `verificationCode`, `verificationCodeIssuedDate`, `unverifiedEmail`, `passwordResetRequired`, `lastPasswordChangeDate`, `dateCreated`, `dateUpdated`, `uid`) VALUES
 ('1', 'dhdadmin', NULL, NULL, NULL, 'natd@dhdchicago.com', '$2y$13$xHFYyfZch4Lp05j/Wqdm0ugFqzPm.kCBdyCgKe3HirkRv6DysuINi', NULL, '0', '1', '0', '0', '0', '0', '0', '2017-08-21 18:51:49', '::1', NULL, NULL, NULL, NULL, NULL, NULL, NULL, '0', '2017-08-17 17:12:25', '2017-08-17 17:12:27', '2017-08-21 18:51:49', 'a5c5b4ce-fe8f-4498-b0c4-eeabb4e8854f');



DROP TABLE IF EXISTS `craft_widgets`;


--
-- Schema for table `craft_widgets`
--
CREATE TABLE `craft_widgets` (
  `id` int(11) NOT NULL AUTO_INCREMENT,
  `userId` int(11) NOT NULL,
  `type` varchar(150) COLLATE utf8_unicode_ci NOT NULL,
  `sortOrder` smallint(6) unsigned DEFAULT NULL,
  `colspan` tinyint(4) unsigned DEFAULT NULL,
  `settings` text COLLATE utf8_unicode_ci,
  `enabled` tinyint(1) unsigned NOT NULL DEFAULT '1',
  `dateCreated` datetime NOT NULL,
  `dateUpdated` datetime NOT NULL,
  `uid` char(36) COLLATE utf8_unicode_ci NOT NULL DEFAULT '0',
  PRIMARY KEY (`id`),
  KEY `craft_widgets_userId_fk` (`userId`)
) ENGINE=InnoDB AUTO_INCREMENT=5 DEFAULT CHARSET=utf8 COLLATE=utf8_unicode_ci;

--
-- Data for table `craft_widgets`
--

INSERT INTO `craft_widgets` (`id`, `userId`, `type`, `sortOrder`, `colspan`, `settings`, `enabled`, `dateCreated`, `dateUpdated`, `uid`) VALUES
 ('1', '1', 'RecentEntries', '1', NULL, NULL, '1', '2017-08-17 17:12:48', '2017-08-17 17:12:48', '40a48df3-785d-4b8a-b774-50b58815af91'),
 ('2', '1', 'GetHelp', '2', NULL, NULL, '1', '2017-08-17 17:12:49', '2017-08-17 17:12:49', 'eb184d7c-f044-4f73-8b95-df00a585f821'),
 ('3', '1', 'Updates', '3', NULL, NULL, '1', '2017-08-17 17:12:49', '2017-08-17 17:12:49', '4bc003ba-1307-4709-ae30-73e6d6ed358e'),
 ('4', '1', 'Feed', '4', NULL, '{\"url\":\"https:\\/\\/craftcms.com\\/news.rss\",\"title\":\"Craft News\"}', '1', '2017-08-17 17:12:49', '2017-08-17 17:12:49', '74ae50e0-504a-4232-81cc-e74804791c64');


--
-- Constraints for tables
--


--
-- Constraints for table `craft_assetfiles`
--
ALTER TABLE `craft_assetfiles`
	ADD CONSTRAINT `craft_assetfiles_folderId_fk` FOREIGN KEY (`folderId`) REFERENCES `craft_assetfolders` (`id`) ON DELETE CASCADE,
	ADD CONSTRAINT `craft_assetfiles_id_fk` FOREIGN KEY (`id`) REFERENCES `craft_elements` (`id`) ON DELETE CASCADE,
	ADD CONSTRAINT `craft_assetfiles_sourceId_fk` FOREIGN KEY (`sourceId`) REFERENCES `craft_assetsources` (`id`) ON DELETE CASCADE;

--
-- Constraints for table `craft_assetfolders`
--
ALTER TABLE `craft_assetfolders`
	ADD CONSTRAINT `craft_assetfolders_parentId_fk` FOREIGN KEY (`parentId`) REFERENCES `craft_assetfolders` (`id`) ON DELETE CASCADE,
	ADD CONSTRAINT `craft_assetfolders_sourceId_fk` FOREIGN KEY (`sourceId`) REFERENCES `craft_assetsources` (`id`) ON DELETE CASCADE;

--
-- Constraints for table `craft_assetindexdata`
--
ALTER TABLE `craft_assetindexdata`
	ADD CONSTRAINT `craft_assetindexdata_sourceId_fk` FOREIGN KEY (`sourceId`) REFERENCES `craft_assetsources` (`id`) ON DELETE CASCADE;

--
-- Constraints for table `craft_assetsources`
--
ALTER TABLE `craft_assetsources`
	ADD CONSTRAINT `craft_assetsources_fieldLayoutId_fk` FOREIGN KEY (`fieldLayoutId`) REFERENCES `craft_fieldlayouts` (`id`) ON DELETE SET NULL;

--
-- Constraints for table `craft_categories`
--
ALTER TABLE `craft_categories`
	ADD CONSTRAINT `craft_categories_groupId_fk` FOREIGN KEY (`groupId`) REFERENCES `craft_categorygroups` (`id`) ON DELETE CASCADE,
	ADD CONSTRAINT `craft_categories_id_fk` FOREIGN KEY (`id`) REFERENCES `craft_elements` (`id`) ON DELETE CASCADE;

--
-- Constraints for table `craft_categorygroups`
--
ALTER TABLE `craft_categorygroups`
	ADD CONSTRAINT `craft_categorygroups_fieldLayoutId_fk` FOREIGN KEY (`fieldLayoutId`) REFERENCES `craft_fieldlayouts` (`id`) ON DELETE SET NULL,
	ADD CONSTRAINT `craft_categorygroups_structureId_fk` FOREIGN KEY (`structureId`) REFERENCES `craft_structures` (`id`) ON DELETE CASCADE;

--
-- Constraints for table `craft_categorygroups_i18n`
--
ALTER TABLE `craft_categorygroups_i18n`
	ADD CONSTRAINT `craft_categorygroups_i18n_groupId_fk` FOREIGN KEY (`groupId`) REFERENCES `craft_categorygroups` (`id`) ON DELETE CASCADE,
	ADD CONSTRAINT `craft_categorygroups_i18n_locale_fk` FOREIGN KEY (`locale`) REFERENCES `craft_locales` (`locale`) ON DELETE CASCADE ON UPDATE CASCADE;

--
-- Constraints for table `craft_content`
--
ALTER TABLE `craft_content`
	ADD CONSTRAINT `craft_content_elementId_fk` FOREIGN KEY (`elementId`) REFERENCES `craft_elements` (`id`) ON DELETE CASCADE,
	ADD CONSTRAINT `craft_content_locale_fk` FOREIGN KEY (`locale`) REFERENCES `craft_locales` (`locale`) ON DELETE CASCADE ON UPDATE CASCADE;

--
-- Constraints for table `craft_elements_i18n`
--
ALTER TABLE `craft_elements_i18n`
	ADD CONSTRAINT `craft_elements_i18n_elementId_fk` FOREIGN KEY (`elementId`) REFERENCES `craft_elements` (`id`) ON DELETE CASCADE,
	ADD CONSTRAINT `craft_elements_i18n_locale_fk` FOREIGN KEY (`locale`) REFERENCES `craft_locales` (`locale`) ON DELETE CASCADE ON UPDATE CASCADE;

--
-- Constraints for table `craft_emailmessages`
--
ALTER TABLE `craft_emailmessages`
	ADD CONSTRAINT `craft_emailmessages_locale_fk` FOREIGN KEY (`locale`) REFERENCES `craft_locales` (`locale`) ON DELETE CASCADE ON UPDATE CASCADE;

--
-- Constraints for table `craft_entries`
--
ALTER TABLE `craft_entries`
	ADD CONSTRAINT `craft_entries_authorId_fk` FOREIGN KEY (`authorId`) REFERENCES `craft_users` (`id`) ON DELETE CASCADE,
	ADD CONSTRAINT `craft_entries_id_fk` FOREIGN KEY (`id`) REFERENCES `craft_elements` (`id`) ON DELETE CASCADE,
	ADD CONSTRAINT `craft_entries_sectionId_fk` FOREIGN KEY (`sectionId`) REFERENCES `craft_sections` (`id`) ON DELETE CASCADE,
	ADD CONSTRAINT `craft_entries_typeId_fk` FOREIGN KEY (`typeId`) REFERENCES `craft_entrytypes` (`id`) ON DELETE CASCADE;

--
-- Constraints for table `craft_entrydrafts`
--
ALTER TABLE `craft_entrydrafts`
	ADD CONSTRAINT `craft_entrydrafts_creatorId_fk` FOREIGN KEY (`creatorId`) REFERENCES `craft_users` (`id`) ON DELETE CASCADE,
	ADD CONSTRAINT `craft_entrydrafts_entryId_fk` FOREIGN KEY (`entryId`) REFERENCES `craft_entries` (`id`) ON DELETE CASCADE,
	ADD CONSTRAINT `craft_entrydrafts_locale_fk` FOREIGN KEY (`locale`) REFERENCES `craft_locales` (`locale`) ON DELETE CASCADE ON UPDATE CASCADE,
	ADD CONSTRAINT `craft_entrydrafts_sectionId_fk` FOREIGN KEY (`sectionId`) REFERENCES `craft_sections` (`id`) ON DELETE CASCADE;

--
-- Constraints for table `craft_entrytypes`
--
ALTER TABLE `craft_entrytypes`
	ADD CONSTRAINT `craft_entrytypes_fieldLayoutId_fk` FOREIGN KEY (`fieldLayoutId`) REFERENCES `craft_fieldlayouts` (`id`) ON DELETE SET NULL,
	ADD CONSTRAINT `craft_entrytypes_sectionId_fk` FOREIGN KEY (`sectionId`) REFERENCES `craft_sections` (`id`) ON DELETE CASCADE;

--
-- Constraints for table `craft_entryversions`
--
ALTER TABLE `craft_entryversions`
	ADD CONSTRAINT `craft_entryversions_creatorId_fk` FOREIGN KEY (`creatorId`) REFERENCES `craft_users` (`id`) ON DELETE SET NULL,
	ADD CONSTRAINT `craft_entryversions_entryId_fk` FOREIGN KEY (`entryId`) REFERENCES `craft_entries` (`id`) ON DELETE CASCADE,
	ADD CONSTRAINT `craft_entryversions_locale_fk` FOREIGN KEY (`locale`) REFERENCES `craft_locales` (`locale`) ON DELETE CASCADE ON UPDATE CASCADE,
	ADD CONSTRAINT `craft_entryversions_sectionId_fk` FOREIGN KEY (`sectionId`) REFERENCES `craft_sections` (`id`) ON DELETE CASCADE;

--
-- Constraints for table `craft_fieldlayoutfields`
--
ALTER TABLE `craft_fieldlayoutfields`
	ADD CONSTRAINT `craft_fieldlayoutfields_fieldId_fk` FOREIGN KEY (`fieldId`) REFERENCES `craft_fields` (`id`) ON DELETE CASCADE,
	ADD CONSTRAINT `craft_fieldlayoutfields_layoutId_fk` FOREIGN KEY (`layoutId`) REFERENCES `craft_fieldlayouts` (`id`) ON DELETE CASCADE,
	ADD CONSTRAINT `craft_fieldlayoutfields_tabId_fk` FOREIGN KEY (`tabId`) REFERENCES `craft_fieldlayouttabs` (`id`) ON DELETE CASCADE;

--
-- Constraints for table `craft_fieldlayouttabs`
--
ALTER TABLE `craft_fieldlayouttabs`
	ADD CONSTRAINT `craft_fieldlayouttabs_layoutId_fk` FOREIGN KEY (`layoutId`) REFERENCES `craft_fieldlayouts` (`id`) ON DELETE CASCADE;

--
-- Constraints for table `craft_fields`
--
ALTER TABLE `craft_fields`
	ADD CONSTRAINT `craft_fields_groupId_fk` FOREIGN KEY (`groupId`) REFERENCES `craft_fieldgroups` (`id`) ON DELETE CASCADE;

--
-- Constraints for table `craft_focuspoint_focuspoints`
--
ALTER TABLE `craft_focuspoint_focuspoints`
	ADD CONSTRAINT `craft_focuspoint_focuspoints_assetId_fk` FOREIGN KEY (`assetId`) REFERENCES `craft_assetfiles` (`id`),
	ADD CONSTRAINT `craft_focuspoint_focuspoints_fieldId_fk` FOREIGN KEY (`fieldId`) REFERENCES `craft_fields` (`id`);

--
-- Constraints for table `craft_globalsets`
--
ALTER TABLE `craft_globalsets`
	ADD CONSTRAINT `craft_globalsets_fieldLayoutId_fk` FOREIGN KEY (`fieldLayoutId`) REFERENCES `craft_fieldlayouts` (`id`) ON DELETE SET NULL,
	ADD CONSTRAINT `craft_globalsets_id_fk` FOREIGN KEY (`id`) REFERENCES `craft_elements` (`id`) ON DELETE CASCADE;

--
-- Constraints for table `craft_matrixblocks`
--
ALTER TABLE `craft_matrixblocks`
	ADD CONSTRAINT `craft_matrixblocks_fieldId_fk` FOREIGN KEY (`fieldId`) REFERENCES `craft_fields` (`id`) ON DELETE CASCADE,
	ADD CONSTRAINT `craft_matrixblocks_id_fk` FOREIGN KEY (`id`) REFERENCES `craft_elements` (`id`) ON DELETE CASCADE,
	ADD CONSTRAINT `craft_matrixblocks_ownerId_fk` FOREIGN KEY (`ownerId`) REFERENCES `craft_elements` (`id`) ON DELETE CASCADE,
	ADD CONSTRAINT `craft_matrixblocks_ownerLocale_fk` FOREIGN KEY (`ownerLocale`) REFERENCES `craft_locales` (`locale`) ON DELETE CASCADE ON UPDATE CASCADE,
	ADD CONSTRAINT `craft_matrixblocks_typeId_fk` FOREIGN KEY (`typeId`) REFERENCES `craft_matrixblocktypes` (`id`) ON DELETE CASCADE;

--
-- Constraints for table `craft_matrixblocktypes`
--
ALTER TABLE `craft_matrixblocktypes`
	ADD CONSTRAINT `craft_matrixblocktypes_fieldId_fk` FOREIGN KEY (`fieldId`) REFERENCES `craft_fields` (`id`) ON DELETE CASCADE,
	ADD CONSTRAINT `craft_matrixblocktypes_fieldLayoutId_fk` FOREIGN KEY (`fieldLayoutId`) REFERENCES `craft_fieldlayouts` (`id`) ON DELETE SET NULL;

--
-- Constraints for table `craft_matrixcontent_pagebuilder`
--
ALTER TABLE `craft_matrixcontent_pagebuilder`
	ADD CONSTRAINT `craft_matrixcontent_pagebuilder_elementId_fk` FOREIGN KEY (`elementId`) REFERENCES `craft_elements` (`id`) ON DELETE CASCADE,
	ADD CONSTRAINT `craft_matrixcontent_pagebuilder_locale_fk` FOREIGN KEY (`locale`) REFERENCES `craft_locales` (`locale`) ON DELETE CASCADE ON UPDATE CASCADE;

--
-- Constraints for table `craft_migrations`
--
ALTER TABLE `craft_migrations`
	ADD CONSTRAINT `craft_migrations_pluginId_fk` FOREIGN KEY (`pluginId`) REFERENCES `craft_plugins` (`id`) ON DELETE CASCADE;

--
-- Constraints for table `craft_relations`
--
ALTER TABLE `craft_relations`
	ADD CONSTRAINT `craft_relations_fieldId_fk` FOREIGN KEY (`fieldId`) REFERENCES `craft_fields` (`id`) ON DELETE CASCADE,
	ADD CONSTRAINT `craft_relations_sourceId_fk` FOREIGN KEY (`sourceId`) REFERENCES `craft_elements` (`id`) ON DELETE CASCADE,
	ADD CONSTRAINT `craft_relations_sourceLocale_fk` FOREIGN KEY (`sourceLocale`) REFERENCES `craft_locales` (`locale`) ON DELETE CASCADE ON UPDATE CASCADE,
	ADD CONSTRAINT `craft_relations_targetId_fk` FOREIGN KEY (`targetId`) REFERENCES `craft_elements` (`id`) ON DELETE CASCADE;

--
-- Constraints for table `craft_routes`
--
ALTER TABLE `craft_routes`
	ADD CONSTRAINT `craft_routes_locale_fk` FOREIGN KEY (`locale`) REFERENCES `craft_locales` (`locale`) ON DELETE CASCADE ON UPDATE CASCADE;

--
-- Constraints for table `craft_sections`
--
ALTER TABLE `craft_sections`
	ADD CONSTRAINT `craft_sections_structureId_fk` FOREIGN KEY (`structureId`) REFERENCES `craft_structures` (`id`) ON DELETE SET NULL;

--
-- Constraints for table `craft_sections_i18n`
--
ALTER TABLE `craft_sections_i18n`
	ADD CONSTRAINT `craft_sections_i18n_locale_fk` FOREIGN KEY (`locale`) REFERENCES `craft_locales` (`locale`) ON DELETE CASCADE ON UPDATE CASCADE,
	ADD CONSTRAINT `craft_sections_i18n_sectionId_fk` FOREIGN KEY (`sectionId`) REFERENCES `craft_sections` (`id`) ON DELETE CASCADE;

--
-- Constraints for table `craft_sessions`
--
ALTER TABLE `craft_sessions`
	ADD CONSTRAINT `craft_sessions_userId_fk` FOREIGN KEY (`userId`) REFERENCES `craft_users` (`id`) ON DELETE CASCADE;

--
-- Constraints for table `craft_shunnedmessages`
--
ALTER TABLE `craft_shunnedmessages`
	ADD CONSTRAINT `craft_shunnedmessages_userId_fk` FOREIGN KEY (`userId`) REFERENCES `craft_users` (`id`) ON DELETE CASCADE;

--
-- Constraints for table `craft_smartmap_addresses`
--
ALTER TABLE `craft_smartmap_addresses`
	ADD CONSTRAINT `craft_smartmap_addresses_elementId_fk` FOREIGN KEY (`elementId`) REFERENCES `craft_elements` (`id`) ON DELETE CASCADE,
	ADD CONSTRAINT `craft_smartmap_addresses_fieldId_fk` FOREIGN KEY (`fieldId`) REFERENCES `craft_fields` (`id`) ON DELETE CASCADE;

--
-- Constraints for table `craft_structureelements`
--
ALTER TABLE `craft_structureelements`
	ADD CONSTRAINT `craft_structureelements_elementId_fk` FOREIGN KEY (`elementId`) REFERENCES `craft_elements` (`id`) ON DELETE CASCADE,
	ADD CONSTRAINT `craft_structureelements_structureId_fk` FOREIGN KEY (`structureId`) REFERENCES `craft_structures` (`id`) ON DELETE CASCADE;

--
-- Constraints for table `craft_taggroups`
--
ALTER TABLE `craft_taggroups`
	ADD CONSTRAINT `craft_taggroups_fieldLayoutId_fk` FOREIGN KEY (`fieldLayoutId`) REFERENCES `craft_fieldlayouts` (`id`) ON DELETE SET NULL;

--
-- Constraints for table `craft_tags`
--
ALTER TABLE `craft_tags`
	ADD CONSTRAINT `craft_tags_groupId_fk` FOREIGN KEY (`groupId`) REFERENCES `craft_taggroups` (`id`) ON DELETE CASCADE,
	ADD CONSTRAINT `craft_tags_id_fk` FOREIGN KEY (`id`) REFERENCES `craft_elements` (`id`) ON DELETE CASCADE;

--
-- Constraints for table `craft_templatecachecriteria`
--
ALTER TABLE `craft_templatecachecriteria`
	ADD CONSTRAINT `craft_templatecachecriteria_cacheId_fk` FOREIGN KEY (`cacheId`) REFERENCES `craft_templatecaches` (`id`) ON DELETE CASCADE;

--
-- Constraints for table `craft_templatecacheelements`
--
ALTER TABLE `craft_templatecacheelements`
	ADD CONSTRAINT `craft_templatecacheelements_cacheId_fk` FOREIGN KEY (`cacheId`) REFERENCES `craft_templatecaches` (`id`) ON DELETE CASCADE,
	ADD CONSTRAINT `craft_templatecacheelements_elementId_fk` FOREIGN KEY (`elementId`) REFERENCES `craft_elements` (`id`) ON DELETE CASCADE;

--
-- Constraints for table `craft_templatecaches`
--
ALTER TABLE `craft_templatecaches`
	ADD CONSTRAINT `craft_templatecaches_locale_fk` FOREIGN KEY (`locale`) REFERENCES `craft_locales` (`locale`) ON DELETE CASCADE ON UPDATE CASCADE;

--
-- Constraints for table `craft_usergroups_users`
--
ALTER TABLE `craft_usergroups_users`
	ADD CONSTRAINT `craft_usergroups_users_groupId_fk` FOREIGN KEY (`groupId`) REFERENCES `craft_usergroups` (`id`) ON DELETE CASCADE,
	ADD CONSTRAINT `craft_usergroups_users_userId_fk` FOREIGN KEY (`userId`) REFERENCES `craft_users` (`id`) ON DELETE CASCADE;

--
-- Constraints for table `craft_userpermissions_usergroups`
--
ALTER TABLE `craft_userpermissions_usergroups`
	ADD CONSTRAINT `craft_userpermissions_usergroups_groupId_fk` FOREIGN KEY (`groupId`) REFERENCES `craft_usergroups` (`id`) ON DELETE CASCADE,
	ADD CONSTRAINT `craft_userpermissions_usergroups_permissionId_fk` FOREIGN KEY (`permissionId`) REFERENCES `craft_userpermissions` (`id`) ON DELETE CASCADE;

--
-- Constraints for table `craft_userpermissions_users`
--
ALTER TABLE `craft_userpermissions_users`
	ADD CONSTRAINT `craft_userpermissions_users_permissionId_fk` FOREIGN KEY (`permissionId`) REFERENCES `craft_userpermissions` (`id`) ON DELETE CASCADE,
	ADD CONSTRAINT `craft_userpermissions_users_userId_fk` FOREIGN KEY (`userId`) REFERENCES `craft_users` (`id`) ON DELETE CASCADE;

--
-- Constraints for table `craft_users`
--
ALTER TABLE `craft_users`
	ADD CONSTRAINT `craft_users_id_fk` FOREIGN KEY (`id`) REFERENCES `craft_elements` (`id`) ON DELETE CASCADE,
	ADD CONSTRAINT `craft_users_preferredLocale_fk` FOREIGN KEY (`preferredLocale`) REFERENCES `craft_locales` (`locale`) ON DELETE SET NULL ON UPDATE CASCADE;

--
-- Constraints for table `craft_widgets`
--
ALTER TABLE `craft_widgets`
	ADD CONSTRAINT `craft_widgets_userId_fk` FOREIGN KEY (`userId`) REFERENCES `craft_users` (`id`) ON DELETE CASCADE;

SET FOREIGN_KEY_CHECKS = 1;
